approp,bar,pie,hist,bardot,box,dot,violin,flowyes,flowno,paper_id
0,0,0,0,0,0,0,0,1,1,10.3389/fpsyt.2019.00384
0,0,0,0,0,0,0,0,0,0,10.1007/s00701-017-3417-4
0,0,0,0,0,0,0,0,0,0,10.1007/s00761-020-00804-8
0,0,0,0,0,0,0,0,0,0,10.1111/ajt.14766
0,0,0,0,0,0,0,0,0,0,10.1055/s-0043-118043
1,1,0,0,0,0,1,0,0,0,10.1111/acel.13012
0,0,0,0,0,0,0,0,0,0,10.1007/s00115-018-0636-8
0,0,0,0,0,0,0,0,1,0,10.1038/leu.2017.211
0,0,0,0,0,0,0,0,0,0,10.1007/s00705-020-04752-x
1,0,0,0,0,0,0,0,0,0,10.1093/braincomms/fcaa158
0,0,0,0,0,0,0,0,0,0,10.1615/plasmamed.2018024767
0,0,0,0,0,0,0,0,1,2,10.1007/s00398-018-0286-y
0,0,0,0,0,0,0,0,0,0,10.1111/jocs.14922
0,0,0,0,0,0,0,0,0,0,10.1007/s00761-018-0371-6
1,0,0,1,0,0,0,0,0,0,10.1016/S0140-6736(18)32203-7
0,0,0,0,0,0,0,0,0,1,10.1080/1359432X.2017.1387536
0,0,0,0,0,0,0,0,0,0,10.1007/s11046-017-0229-2
0,0,0,0,0,0,0,0,0,2,10.1093/eurheartj/ehx549
0,0,0,0,0,0,0,0,0,0,10.1557/adv.2018.630
0,3,0,0,0,1,4,0,0,0,10.1016/j.yjmcc.2020.06.003
0,0,0,0,0,0,0,0,0,0,10.3389/fonc.2020.566318
0,0,0,0,0,0,0,0,0,0,10.3324/haematol.2017.168716
0,1,0,0,0,0,0,0,0,1,10.1093/hmg/ddx407
0,0,0,0,0,0,0,0,0,0,10.1039/c9tb00871c
0,0,0,0,0,0,0,0,0,0,10.1515/dzph-2018-0018
0,0,0,0,0,0,0,0,0,0,10.1186/s13256-019-2327-x
0,0,0,0,0,0,0,0,0,1,10.1093/neuonc/nox216
0,0,0,0,0,0,0,0,0,0,10.1111/jocs.14929
0,3,0,0,0,0,0,0,0,0,10.1111/joim.12952
0,0,0,0,0,0,0,0,0,0,10.3389/fneur.2020.00778
0,0,0,0,0,0,0,0,0,0,10.1177/1740774517729161
0,0,0,0,0,0,0,0,0,0,10.1055/a-1296-3494
1,0,1,0,0,0,0,0,0,0,10.1371/journal.pntd.0008898
0,0,0,0,0,0,0,0,0,1,10.1007/s00278-020-00411-3
1,0,1,0,0,0,1,0,0,0,10.3389/fimmu.2020.606338
0,0,0,0,0,0,0,0,0,0,10.1186/s12959-018-0163-7
0,0,0,0,0,0,0,0,0,0,10.1055/a-1229-0946
1,0,0,0,0,0,0,0,0,0,10.1007/s10557-018-6838-2
0,0,0,0,0,0,0,0,0,0,10.1002/ejhf.1101
0,0,0,0,0,0,0,0,0,0,10.5301/ejo.5001018
0,0,0,0,0,0,0,0,0,0,10.1186/s13023-019-1091-8
0,0,0,0,0,0,0,0,1,0,10.25100/cm.v50i4.4185
0,0,0,0,0,0,0,0,0,0,10.1159/000504063
0,0,0,0,0,0,0,0,0,0,10.1007/s12631-018-0126-7
3,0,0,0,0,1,0,0,0,0,10.1055/s-0042-112459
1,0,0,0,0,0,0,0,0,0,10.1007/s00112-017-0327-8
0,0,0,0,0,0,0,0,0,0,10.1007/s11046-017-0184-y
0,0,0,0,0,0,0,0,0,0,10.1557/adv.2019.392
0,0,0,0,0,0,0,0,0,0,10.1128/mBio.01849-19
1,0,0,0,0,0,0,0,0,0,10.1093/ehjci/jex056
0,0,0,0,0,0,0,0,0,0,10.1038/s41380-020-00948-4
0,0,0,0,0,0,0,0,0,0,10.1007/s11136-017-1725-z
0,0,0,0,0,0,0,0,0,0,10.1007/s11377-019-0320-y
0,1,0,1,0,0,0,0,0,0,10.1111/cei.13093
0,0,0,0,0,0,0,0,0,0,10.1093/cvr/cvaa107
0,3,0,0,0,0,0,0,0,0,10.1021/acsabm.9b00246
0,0,0,0,0,0,0,0,0,0,10.1056/NEJMe1916796
1,0,0,0,0,0,0,0,0,0,10.1002/ehf2.12524
0,0,0,0,0,0,0,0,0,0,10.1007/s00705-020-04731-2
0,0,0,0,0,0,0,0,0,0,10.1007/s00772-018-0443-3
0,0,0,0,0,0,0,0,0,0,10.1055/a-1102-1740
1,0,0,1,0,0,0,1,0,0,10.1016/S0140-6736(18)32225-6
0,0,0,0,0,0,0,0,0,0,10.1055/a-0915-9272
0,5,0,0,0,0,0,0,0,0,10.1038/mi.2017.66
0,0,0,0,0,0,0,0,0,0,10.1080/13642529.2018.1486958
0,0,0,0,0,0,0,0,0,0,10.1007/s00112-019-0737-x
2,0,0,0,0,0,0,1,0,0,10.21823/2311-2905-2019-25-4-56-63
0,0,0,0,0,0,0,0,0,0,10.1111/ddg.13401
0,0,0,0,0,0,0,0,0,0,10.1007/s00103-017-2678-7
0,0,0,0,0,0,0,0,0,0,10.2174/1570161115666170821155555
0,0,0,0,0,0,0,0,0,0,10.1002/jrs.5596
0,0,1,0,0,0,0,0,1,0,10.1007/s00278-020-00421-1
0,0,0,0,0,0,0,0,0,1,10.1055/a-0677-7513
0,0,0,0,0,0,0,0,0,0,10.1016/j.devcel.2018.01.019
0,0,0,0,0,0,0,0,1,0,10.1093/ejcts/ezx280
1,0,1,0,0,0,0,0,1,2,10.1093/eurheartj/ehx165
0,0,0,0,0,0,0,0,0,0,10.1007/s00761-018-0354-7
0,6,0,0,0,0,0,0,0,0,10.1002/eji.201847586
0,5,0,0,0,0,4,0,0,0,10.1038/s41598-017-19060-9
1,0,0,0,0,1,0,0,0,0,10.1155/2020/5309508
2,0,0,0,0,0,0,0,0,0,10.1016/j.ijid.2017.10.008
0,0,0,0,0,0,0,0,0,0,10.1111/all.13307
0,0,0,0,0,0,0,0,0,0,10.3389/fimmu.2020.634409
1,0,0,0,0,0,0,0,0,0,10.1007/s11553-020-00810-z
0,0,0,0,0,0,0,0,0,0,10.1007/s11818-020-00250-z
0,0,0,0,0,2,0,0,0,0,10.1007/s00701-019-03915-3
0,0,0,0,0,0,0,0,0,0,10.1055/a-1022-8062
0,1,0,0,0,0,0,0,0,0,10.1016/j.jid.2017.09.046
0,0,0,0,0,0,0,0,0,0,10.1093/neuonc/nox204
0,0,0,0,0,0,0,0,0,1,10.1186/s40985-019-0113-3
0,0,0,0,3,0,0,0,0,0,10.1038/s41593-017-0037-5
0,0,0,0,0,0,4,0,0,0,10.1002/cyto.b.21496
0,0,0,0,0,0,0,0,0,0,10.3389/fphys.2020.612787
1,0,0,0,0,0,0,0,0,1,10.1038/modpathol.2017.171
0,0,0,0,0,0,0,0,0,0,10.1007/s00404-018-4945-8
4,0,0,0,0,0,0,0,0,0,10.1017/S0959270917000533
0,0,0,0,0,0,0,0,0,0,10.1055/s-0043-119647
0,0,0,0,0,0,0,0,0,0,10.1007/s40495-019-00173-w
0,0,0,0,0,0,0,0,0,1,10.1136/bmjopen-2019-031083
0,0,0,0,0,0,0,0,0,0,10.1007/s00112-017-0326-9
0,0,0,0,0,0,0,0,0,0,10.1007/s00482-018-0310-x
0,0,0,0,0,0,0,0,0,0,10.1055/a-0967-0347
0,0,0,0,0,0,0,0,0,0,10.1055/s-0037-1608835
0,0,0,0,0,0,0,0,0,0,10.1002/cphy.c170004
0,0,0,0,0,0,0,0,0,0,10.3233/CH-199235
0,0,0,0,0,0,0,0,0,0,10.1080/00076791.2018.1432597
1,1,0,0,0,0,0,0,0,0,10.1111/his.13375
0,0,0,0,0,0,0,0,0,0,10.1111/all.13312
0,0,0,0,0,0,0,0,0,1,10.1177/1534735417740629
0,0,0,0,0,0,0,0,1,0,10.1055/a-0577-4262
0,0,0,0,0,0,0,0,0,1,10.1007/s10049-018-0479-7
0,0,0,0,0,0,0,0,0,0,10.1007/s00129-019-04513-1
0,1,0,0,0,0,0,1,0,0,10.1038/s41523-020-00175-8
0,0,0,0,0,1,0,0,0,0,10.1007/s00406-016-0749-7
0,0,0,0,0,0,0,0,1,0,10.1148/radiol.2017162447
0,0,0,0,0,0,0,0,0,2,10.1007/s11560-019-00380-y
0,0,0,0,0,0,0,0,0,0,10.1007/s10405-019-00295-4
0,0,0,0,0,0,0,0,0,1,10.3389/fendo.2020.606089
0,0,0,0,0,0,0,0,0,0,10.1002/ijc.32165
0,0,0,0,0,0,0,0,0,0,10.1111/bpa.12732
0,0,0,0,0,0,0,0,0,0,10.1557/adv.2019.458
0,1,0,0,0,0,0,0,0,1,10.1186/s12885-019-6148-5
0,0,0,0,0,0,0,0,0,0,10.1148/radiol.2017170116
0,0,0,0,0,0,0,0,0,0,10.1007/s00120-019-0940-3
0,2,0,0,0,0,1,0,1,0,10.1038/mp.2016.231
0,0,0,0,0,0,0,0,0,0,10.1007/s40664-020-00400-y
0,0,0,0,0,0,0,0,0,0,10.7560/JHS27103
0,0,0,0,0,0,0,0,2,2,10.1007/s00415-020-09809-0
0,0,0,0,0,0,0,0,0,0,10.3390/cryst10090750
0,0,0,0,0,0,0,0,0,0,10.1111/adb.12571
0,1,0,0,0,2,0,0,0,0,10.1016/j.neuron.2017.11.024
0,0,0,0,0,0,0,0,2,5,10.1159/000510085
0,0,0,0,0,0,0,0,0,0,10.1055/s-2007-989492
0,0,0,0,0,0,0,0,0,0,10.1089/jwh.2017.6451
0,0,0,0,0,0,0,0,0,0,10.1126/science.aaz4547
0,0,0,0,0,0,0,0,0,0,10.1007/s00053-020-00504-2
0,0,0,0,0,0,0,0,0,0,10.1007/s00108-020-00938-2
0,0,0,0,0,0,0,0,0,0,10.1111/jpc.14721
2,0,1,0,0,0,0,0,0,0,10.3390/ijerph17249226
0,0,0,0,0,0,0,0,0,0,10.1111/all.14690
0,0,0,0,0,0,0,0,0,1,10.1128/JCM.01655-17
0,0,0,0,0,0,0,0,0,0,10.3201/eid2604.191154
0,0,0,0,0,0,0,0,0,0,10.1055/s-0043-115381
1,0,0,0,0,2,0,0,0,0,10.1371/journal.pgen.1009201
0,0,0,0,0,0,0,0,0,0,10.1007/s11818-020-00238-9
0,0,0,0,0,0,0,0,0,0,10.1007/s00105-017-4094-1
0,0,0,0,0,0,0,0,1,0,10.1111/all.13269
0,1,0,0,0,0,0,0,1,0,10.1002/ejhf.960
0,0,0,0,0,0,0,0,0,0,10.1016/S0959-8049(20)31083-2
0,0,0,0,0,0,0,0,0,0,10.1007/s12181-019-0301-x
0,3,0,0,0,0,0,0,0,0,10.1074/jbc.RA117.001105
0,0,0,1,0,0,0,0,1,0,10.1007/s11097-018-9573-z
0,0,0,0,0,0,0,0,0,0,10.1177/0269215517714297
0,0,0,0,0,0,0,0,0,0,10.1007/s00115-020-00957-2
0,0,0,0,0,0,0,0,0,0,10.3233/CH-189322
0,0,0,0,0,0,0,0,0,0,10.1097/IGC.0000000000000612
0,0,0,0,0,0,0,0,0,0,10.1007/s00105-020-04620-4
0,2,0,0,0,0,0,0,1,0,10.1111/iej.12763
1,0,0,0,0,0,0,0,0,1,10.1080/02656736.2017.1354402
0,0,0,0,0,0,0,0,0,0,10.1002/ccr3.3309
0,0,0,0,0,0,0,0,0,1,10.15698/cst2019.01.170
1,1,0,0,0,0,0,0,0,0,10.1055/a-0588-4736
0,0,0,0,0,0,0,0,0,0,10.1007/s00432-017-2544-x
0,0,0,0,0,0,0,0,1,0,10.1111/jcpe.12823
0,0,0,0,0,0,0,0,0,0,10.3899/jrheum.170222
0,0,0,0,0,0,0,0,0,0,10.1002/mame.202000579
0,4,0,0,0,0,0,0,0,0,10.1557/adv.2019.446
0,0,0,0,0,0,0,0,0,0,10.1111/iwj.12883
0,1,0,0,1,0,0,0,0,0,10.1161/HYPERTENSIONAHA.117.09975
0,0,0,0,0,0,0,0,0,0,10.1186/s12894-019-0529-6
0,1,0,0,5,0,0,0,0,0,10.1165/rcmb.2017-0309OC
0,0,0,0,0,0,0,0,0,1,10.1007/s00112-017-0403-0
0,0,0,0,0,0,0,0,0,0,10.1055/a-1126-4645
0,0,0,0,0,0,0,0,0,0,10.3233/CH-209217
0,0,0,0,0,1,0,0,0,0,10.1093/ndt/gfw422
0,0,0,0,0,0,0,0,0,0,10.1177/0148607117701696
0,0,0,0,0,0,0,0,0,1,10.1007/s00101-018-0463-0
0,0,0,0,0,0,0,0,0,0,10.2147/ORR.S156449
0,0,0,0,0,0,0,0,0,1,10.1007/s41060-018-0095-0
0,0,0,0,0,0,0,0,1,0,10.1080/14681994.2019.1697804
0,0,0,0,0,0,0,0,1,0,10.1055/a-0790-4968
0,0,0,0,0,0,0,0,0,0,10.1007/s11654-018-0098-2
0,0,0,0,0,0,0,0,0,0,10.1097/imi.0000000000000502
1,0,0,0,0,0,0,0,0,0,10.1007/s00106-020-00940-y
0,0,0,0,1,1,3,1,0,0,10.7554/eLife.56954
0,0,0,0,0,0,0,0,0,0,10.2214/AJR.20.24209
0,0,0,0,0,0,0,0,0,0,10.1111/jvh.13111
0,0,0,0,0,0,0,0,0,0,10.1111/jocs.14878
0,0,0,0,0,0,0,0,0,0,10.1055/a-0669-0498
0,2,0,0,0,0,0,0,0,0,10.1002/ijc.31045
1,0,0,0,0,0,0,0,0,0,10.1016/j.jaci.2017.06.032
0,0,0,0,0,0,0,0,0,0,10.2319/051619-335.1
0,0,0,0,0,0,0,0,0,0,10.1007/s00112-019-0670-z
0,0,0,0,0,0,0,0,0,1,10.1007/s11553-017-0610-5
0,0,0,0,0,0,0,0,0,0,10.1159/000493318
0,0,0,0,0,0,0,0,2,4,10.1007/s00761-018-0405-0
0,0,0,0,0,0,0,0,0,0,10.1161/CIRCEP.120.008682
0,0,0,0,0,0,0,0,0,0,10.1007/s10354-017-0582-2
0,0,0,1,0,1,1,0,0,0,10.1038/leu.2017.210
0,0,0,0,0,0,0,0,0,0,10.3389/fbioe.2020.568934
0,1,0,0,0,0,0,0,0,0,10.1007/s00167-017-4624-5
0,0,0,0,0,0,0,0,0,1,10.1016/j.jhin.2019.10.009
0,0,0,0,0,0,0,0,0,0,10.1515/nf-2018-0032
1,0,0,0,0,1,0,0,0,2,10.1177/2048872617710791
0,0,0,0,0,0,0,0,0,0,10.1007/s12016-016-8542-y
0,0,0,0,0,0,0,0,0,0,10.3389/fimmu.2020.611638
0,0,0,0,0,0,0,0,0,1,10.1136/annrheumdis-2018-214819
0,0,0,0,0,0,0,0,0,0,10.1038/s42256-020-00269-9
0,0,0,0,0,0,5,0,0,0,10.7554/eLife.52563
0,0,0,0,0,1,0,0,0,0,10.1111/ddg.14175_g
0,0,0,0,0,0,0,0,1,0,10.1136/sextrans-2017-053150
0,0,0,0,0,0,0,0,0,0,10.1007/s00216-017-0683-1
0,1,0,0,0,0,0,0,0,0,10.1111/all.13836
0,0,0,0,0,0,0,0,0,0,10.1007/s00129-020-04731-y
0,0,0,0,0,0,0,0,0,0,10.1007/s00059-017-4626-6
1,0,0,0,0,0,5,0,0,0,10.1089/hum.2019.344
0,0,0,0,0,0,0,0,0,2,10.1055/a-0647-9835
1,0,0,0,0,0,0,0,0,0,10.1007/s00415-017-8656-z
0,0,0,0,0,0,0,0,0,0,10.1111/all.13262
1,1,0,0,0,0,0,0,1,0,10.1007/s00063-017-0278-9
0,0,0,0,0,0,0,0,0,2,10.1002/cyto.a.23279
0,0,0,0,0,0,0,0,0,0,10.1634/theoncologist.2017-0243
1,0,0,0,0,0,0,0,0,1,10.3389/fmed.2020.616648
0,0,0,0,0,0,0,0,0,0,10.21037/cdt.2020.03.11
1,0,0,0,0,0,0,0,0,0,10.1200/JCO.2017.74.7162
0,0,0,0,0,0,0,0,1,0,10.4088/JCP.17r11470
1,0,0,0,0,0,1,0,0,0,10.1111/all.13237
0,0,0,0,0,0,0,0,0,0,10.1007/s00198-017-4224-8
0,0,0,0,0,0,0,0,0,0,10.3389/fchem.2020.590263
0,0,0,0,0,0,0,0,1,0,10.1007/s00112-020-00901-3
0,0,0,0,0,0,0,0,0,1,10.1007/s00132-017-3504-5
0,0,0,0,0,0,0,0,0,0,10.1055/a-1202-9451
0,0,0,0,0,0,0,0,0,0,10.3389/fneur.2019.00175
0,0,0,0,0,0,0,0,0,0,10.1024/0040-5930/a001136
0,0,0,0,0,0,0,0,0,0,10.1007/s00104-017-0476-2
0,0,0,0,0,0,0,0,0,0,10.1002/marc.201800611
0,0,0,0,0,0,0,0,0,0,10.1111/1754-0208.12663
0,0,0,0,0,0,0,0,0,0,10.3389/fmed.2019.00008
0,2,0,1,0,0,0,0,0,0,10.1007/s12079-017-0427-1
0,0,0,0,0,0,0,0,0,1,10.1016/S2468-2667(19)30189-6
0,0,0,0,0,0,1,0,0,0,10.1111/all.13301
0,0,0,0,0,0,0,0,0,0,10.1007/s10039-018-0401-z
0,0,0,0,0,0,0,0,0,0,10.1111/all.13218
0,0,0,0,0,1,0,0,0,0,10.2174/1874210601812010960
0,0,0,0,0,0,0,0,0,0,10.1007/s10049-017-0363-x
0,0,0,0,0,0,0,0,0,0,10.1007/s11377-019-0326-5
1,0,0,0,0,0,0,0,0,0,10.1007/s00391-017-1215-5
0,0,0,0,0,0,0,0,0,1,10.1186/s13063-019-3644-5
0,0,0,0,0,0,0,0,0,0,10.1002/hon.2446
0,0,0,0,1,0,0,0,0,0,10.1128/AAC.00754-20
0,0,0,0,0,0,0,0,0,0,10.1093/ejcts/ezaa077
0,0,0,0,0,0,0,0,0,0,10.1080/21645515.2017.1407896
0,5,0,0,0,0,4,0,0,0,10.1038/s41598-018-19476-x
0,0,0,0,0,0,0,0,0,0,10.1055/s-0029-1185554
0,0,0,0,0,0,0,0,0,0,10.1177/0284185117708472
0,2,0,0,0,0,0,0,0,0,10.1007/s00223-017-0332-x
0,2,0,0,0,0,1,0,0,0,10.1039/c7ib00199a
1,0,0,0,0,0,0,0,0,0,10.1055/a-1034-5963
0,0,0,0,0,0,0,0,0,0,10.3233/CH-199005
1,0,0,0,0,0,0,0,0,0,10.1007/s00381-017-3565-0
0,0,0,0,0,0,0,0,0,0,10.1007/s00106-017-0375-3
0,0,0,0,0,0,0,0,0,0,10.1111/exd.13402
0,0,0,0,0,0,0,0,0,0,10.3389/fimmu.2020.611163
0,0,0,0,0,0,0,0,0,2,10.1186/s12879-019-4685-9
0,0,0,0,0,0,2,0,0,0,10.1093/infdis/jiy041
0,0,0,0,0,0,0,0,0,1,10.1080/0092623X.2017.1366958
0,0,0,0,0,0,0,0,1,0,10.1055/a-0885-1868
0,0,0,0,0,2,0,0,0,0,10.1007/s00268-017-4170-9
0,1,0,0,0,0,1,0,1,0,10.1016/j.jaci.2019.12.909
0,0,0,0,0,0,0,0,0,0,10.1007/s00053-020-00491-4
0,0,0,0,0,0,0,0,1,1,10.1007/s00784-017-2130-2
0,0,0,0,0,0,0,0,1,1,10.1055/a-0898-9576
0,0,0,0,0,0,0,0,0,0,10.1055/a-0574-4879
0,0,0,0,0,0,0,0,0,0,10.1007/s12181-020-00404-1
0,0,1,0,0,0,0,0,0,0,10.1038/leu.2017.213
0,0,0,0,0,0,0,0,0,0,10.1134/S1819712420040133
0,0,0,0,0,0,0,0,0,1,10.1007/s11757-018-0476-1
0,0,0,0,0,0,0,0,1,0,10.3205/dgkh000354
1,0,0,0,0,0,0,0,0,0,10.1093/ehjacc/zuaa026
1,0,0,0,0,0,0,0,0,0,10.1055/s-0043-103503
0,0,0,0,0,0,0,0,0,0,10.1055/s-0041-111840
0,3,0,0,0,0,0,0,2,0,10.3205/zma001279
0,0,0,0,0,0,0,0,1,0,10.1007/s12529-017-9679-7
0,0,0,0,0,0,0,1,0,0,10.1038/s42003-018-0155-y
0,0,0,0,0,0,0,0,0,0,10.1177/0961203317719334
0,0,0,0,0,0,0,0,0,0,10.1080/10428194.2020.1786556
1,0,0,0,0,0,0,0,0,0,10.1111/all.13357
0,0,0,0,0,0,0,0,0,0,10.1002/micr.30205
0,0,0,0,0,0,0,0,0,0,10.1055/s-0043-120111
0,0,0,0,0,0,0,0,0,0,10.1007/s00761-019-0529-x
0,0,0,0,0,0,0,0,1,0,10.1080/08995605.2019.1598228
0,0,1,0,0,0,0,0,1,0,10.1055/a-0584-1537
0,3,0,0,0,0,0,0,0,0,10.1002/star.201800162
0,0,0,0,0,0,0,0,0,0,10.1007/s12181-019-00347-2
0,0,0,0,0,0,0,0,0,0,10.3233/CH-209212
0,0,0,0,0,0,0,0,0,0,10.1038/leu.2017.270
0,0,0,0,0,0,0,0,0,0,10.1007/s11469-020-00313-0
0,0,0,0,0,0,0,0,0,0,10.1159/000510843
0,0,0,0,0,0,0,0,1,1,10.1016/S2213-8587(18)30106-2
1,0,1,0,0,0,0,0,0,0,10.1007/s00393-017-0330-4
0,0,0,1,0,0,0,0,0,0,10.1002/mabi.201800257
0,0,0,0,0,0,0,0,0,0,10.1136/annrheumdis-2018-214127
0,0,0,0,0,1,0,0,0,0,10.1007/s00404-017-4568-5
0,0,0,0,0,0,0,0,0,0,10.1111/jsr.12577
0,0,0,0,0,0,0,0,0,0,10.1055/a-0824-8692
4,0,0,0,0,0,0,0,0,0,10.1007/s00701-017-3428-1
1,0,0,0,0,0,0,0,0,0,10.2376/0005-9366-18003
0,0,0,0,0,0,0,0,0,0,10.1024/1662-9647/a000199
0,0,0,0,0,0,3,0,0,0,10.3389/fcvm.2020.580296
0,0,0,0,0,0,0,0,0,0,10.1055/a-1191-3689
0,0,0,0,0,0,0,0,0,1,10.1055/a-0612-1374
0,0,0,0,0,0,0,0,0,0,10.1007/s00761-017-0320-9
0,1,0,0,0,0,0,0,0,0,10.1007/s00393-019-0660-5
0,1,0,0,0,0,0,0,0,0,10.1007/s00784-017-2186-z
0,0,0,0,0,0,0,0,0,0,10.1159/000480423
0,0,0,0,0,0,0,0,0,0,10.1093/bioinformatics/btz850
0,0,0,0,0,1,0,0,0,1,10.1093/ecco-jcc/jjx128
0,0,0,0,0,0,0,0,0,0,10.3233/CH-189112
0,0,0,0,0,0,0,0,0,0,10.1007/s00281-017-0658-5
0,0,0,0,0,0,0,0,0,1,10.1007/s00112-018-0462-x
0,0,0,0,0,0,0,0,0,0,10.1007/s00345-017-2145-y
0,0,0,0,0,0,0,0,0,2,10.1007/s12181-017-0217-2
0,5,0,0,0,0,0,0,0,0,10.1113/JP274885
1,0,0,0,0,0,0,0,0,0,10.1200/JCO.19.02727
0,0,0,0,0,0,0,0,0,0,10.1055/a-0604-2714
0,8,0,0,0,0,0,0,0,0,10.1007/s00018-017-2695-6
0,0,0,0,0,0,0,0,0,0,10.1111/ddg.13773
0,0,0,0,0,0,0,0,0,1,10.1007/s12671-020-01447-x
0,0,0,0,0,3,0,0,0,0,10.3389/fcvm.2020.00111
0,0,0,0,0,0,0,0,0,0,10.14283/jfa.2017.35
0,0,0,0,0,0,0,0,0,0,10.14283/jfa.2019.15
0,2,0,0,0,0,0,0,0,0,10.1080/10942912.2018.1439958
0,0,0,0,0,0,0,0,0,0,10.1007/s11046-017-0199-4
0,0,0,0,0,0,0,0,0,0,10.1002/mdc3.12931
0,0,0,0,0,0,0,0,0,0,10.1159/000502294
0,0,0,0,0,0,0,0,0,0,10.1007/s10143-017-0901-5
1,0,0,0,0,0,1,0,0,0,10.1007/s11046-017-0190-0
0,1,0,0,0,0,0,0,0,0,10.1021/acs.biomac.9b01753
0,0,0,0,0,0,0,0,0,0,10.1024/1016-264X/a000292
0,1,0,0,0,0,0,0,0,0,10.3390/s20185243
0,0,0,0,0,0,0,0,1,2,10.1002/ejhf.979
0,0,0,0,0,0,0,0,0,0,10.1007/s00381-017-3692-7
0,0,0,0,0,0,2,0,0,0,10.1136/annrheumdis-2017-211649
0,0,0,0,0,0,0,0,0,0,10.1093/eurheartj/ehaa650
0,5,0,0,0,0,0,0,0,0,10.3389/fimmu.2018.02928
0,0,0,0,0,0,0,0,0,0,10.1111/all.13264
0,0,0,0,0,0,0,0,0,0,10.1080/09546634.2017.1370074
0,0,0,0,0,0,0,0,0,0,10.1074/jbc.RA120.014710
0,1,0,0,0,0,0,0,0,0,10.4244/EIJ-D-17-00899
0,1,0,0,0,0,0,0,0,0,10.1007/s11682-017-9810-z
0,0,0,0,0,0,0,0,0,0,10.1055/a-0875-7120
0,0,0,0,0,0,0,0,0,0,10.1055/a-0972-6307
0,0,0,0,0,0,0,0,0,0,10.1111/dth.14534
1,1,0,0,2,1,0,0,0,0,10.1038/s41467-019-09144-7
0,1,0,3,1,0,4,0,0,0,10.7554/eLife.32373
1,1,1,0,0,0,3,0,0,1,10.1016/j.chom.2018.04.002
2,2,0,0,0,0,0,0,0,1,10.1007/s12181-019-0342-1
0,1,0,0,0,0,0,0,0,0,10.1111/jsr.12649
0,0,1,0,0,0,0,0,0,0,10.1007/s00467-017-3831-0
1,0,0,0,0,0,0,0,0,0,10.1055/a-1191-8380
0,0,0,0,0,0,0,0,0,0,10.1016/j.cmi.2017.10.015
0,0,0,0,0,0,0,0,0,0,10.1007/s12126-018-9327-9
1,0,0,0,0,0,0,0,0,1,10.1007/s00112-018-0475-5
0,0,0,0,0,0,1,0,1,0,10.1016/j.jcf.2017.08.001
0,4,0,0,0,0,0,0,0,0,10.1007/s11302-017-9590-3
0,0,0,0,0,0,0,0,0,0,10.1007/s00264-017-3641-9
0,0,0,0,0,0,0,0,0,0,10.3233/CH-189108
0,0,0,0,0,1,0,0,0,0,10.1136/jnnp-2017-316822
0,0,0,0,0,0,0,0,0,0,10.1055/s-0042-116589
0,0,0,0,0,0,0,0,0,0,10.1186/s12955-019-1268-9
0,0,0,0,0,0,0,0,0,0,10.1159/000494258
2,0,0,0,0,0,0,0,0,0,10.1111/cen.13518
0,0,0,0,0,0,0,0,0,0,10.1146/annurev-physiol-020518-114417
0,0,0,0,0,0,0,0,0,0,10.1055/s-2007-989490
4,1,0,0,0,0,0,0,0,0,10.1007/s11852-016-0489-x
0,0,0,0,0,0,0,0,0,0,10.1055/a-0862-0588
0,6,0,0,0,0,0,0,0,0,10.1007/s12035-017-0473-y
0,1,0,0,0,0,0,0,0,0,10.1007/s00059-017-4575-0
0,0,0,0,0,0,0,0,0,0,10.1016/j.nmd.2017.09.016
0,0,0,0,0,0,0,0,0,1,10.1111/all.13266
0,0,0,0,0,0,1,0,0,0,10.1074/jbc.RA120.016031
1,0,0,2,0,2,0,0,0,0,10.1093/rheumatology/kex410
0,0,0,0,0,0,0,0,0,2,10.3205/000251
0,0,0,0,0,0,0,0,0,1,10.1002/art.40323
0,0,0,1,0,0,0,0,0,0,10.1016/S0140-6736(18)32278-5
0,0,0,0,0,0,0,0,0,0,10.1055/a-0642-1830
0,0,0,0,0,0,0,0,1,2,10.1159/000492187
0,0,0,0,0,0,0,0,0,0,10.1055/s-0039-1693496
0,0,0,0,0,0,0,0,0,0,10.1007/s00129-018-4339-9
0,0,0,0,0,0,0,0,1,0,10.1001/jamanetworkopen.2019.4980
0,1,0,0,0,0,0,0,0,0,10.1007/s00238-017-1345-4
0,0,0,0,0,0,0,0,0,0,10.1161/CIRCULATIONAHA.119.045192
0,0,0,0,0,0,0,0,0,0,10.1055/s-0043-124471
0,0,0,0,0,0,0,0,0,0,10.1093/annonc/mdz156
0,0,0,0,0,0,0,0,0,0,10.1111/all.13939
0,0,0,0,0,0,0,0,1,0,10.1007/s40471-020-00257-y
1,0,0,3,0,1,0,0,0,0,10.1111/apt.15060
1,0,1,0,0,0,0,0,0,0,10.1111/bjd.15867
0,0,1,0,0,0,0,0,0,1,10.1109/ACCESS.2020.2976881
0,0,0,0,0,0,0,0,0,0,10.1007/s11605-017-3546-3
0,3,0,0,0,0,0,0,0,0,10.1080/17470919.2016.1252795
0,0,0,0,0,0,0,1,0,0,10.1016/S2214-109X(20)30230-8
2,1,0,0,0,0,0,0,0,0,10.1007/s00038-017-1007-0
0,0,0,0,0,0,0,0,0,0,10.2341/18-076-L
0,2,0,0,0,0,1,0,0,0,10.1557/adv.2020.218
0,0,0,0,0,0,0,0,0,0,10.1093/europace/eux087
0,0,0,0,0,0,0,0,0,0,10.1026/0942-5403/a000298
0,0,0,0,0,1,0,0,0,0,10.1111/joor.12598
0,0,0,0,0,0,0,0,0,0,10.1055/a-0915-9051
0,0,0,0,0,0,0,0,0,0,10.1177/2047487317744364
0,0,0,0,0,0,0,0,0,0,10.1093/europace/eux207
1,0,0,0,0,0,0,0,0,0,10.1136/annrheumdis-2017-211782
0,0,0,0,0,0,0,0,0,0,10.1007/s00406-017-0859-x
0,0,0,0,0,0,0,0,0,0,10.1055/a-1038-9173
1,1,0,0,0,0,0,0,0,0,10.1039/d0nr00604a
0,0,0,0,0,0,0,0,0,9,10.5603/KP.2018.0013
0,0,0,0,0,0,0,0,0,0,10.1007/s11046-017-0182-0
0,0,0,0,0,0,0,0,1,0,10.1007/s00464-017-5893-2
0,0,0,0,0,1,0,0,0,0,10.1016/S0140-6736(18)30994-2
1,0,0,0,0,0,0,0,0,0,10.1111/pai.12811
0,0,0,0,0,0,0,0,0,0,10.1177/1352458517730131
0,0,0,0,0,0,0,0,0,0,10.1007/s00761-018-0380-5
0,0,0,0,0,1,0,0,0,0,10.1093/neuros/nyx437
0,0,0,0,0,0,0,0,0,0,10.1055/a-0582-5405
0,0,0,0,0,0,0,0,0,0,10.1126/sciimmunol.aat4579
0,0,0,0,0,0,0,0,0,0,10.3389/fpsyt.2020.00627
3,0,2,0,0,0,0,0,0,1,10.1200/PO.18.00171
0,0,0,0,0,0,0,0,0,1,10.1093/nar/gkx1088
0,0,0,0,0,0,0,0,0,0,10.1007/s12285-019-00237-2
0,0,0,0,0,0,0,0,0,1,10.1007/s10039-019-00439-y
0,0,0,0,0,0,0,0,0,0,10.1177/0952695118755619
1,0,0,0,0,0,0,0,0,0,10.1002/humu.23406
0,0,0,0,0,0,0,0,0,0,10.1177/0194599817728920
3,0,0,0,0,0,0,0,0,0,10.1007/s00347-019-00967-9
0,0,0,0,0,0,0,0,1,0,10.1007/s00784-017-2147-6
1,0,0,0,0,0,0,0,1,0,10.1016/j.ijcard.2017.10.048
0,0,0,0,0,0,0,0,0,0,10.1055/a-1037-6286
0,0,0,0,0,0,0,0,0,0,10.1017/mdh.2020.21
1,0,0,0,0,0,0,0,0,0,10.1002/ciuz.201800862
1,0,0,0,0,0,0,0,0,0,10.1055/a-0972-4774
0,0,0,0,0,0,0,0,0,0,10.1007/s00426-017-0957-4
0,0,0,0,0,0,0,0,0,0,10.1007/s00112-018-0547-6
0,0,0,0,0,0,0,0,0,0,10.1111/hdi.12582
0,0,0,0,0,0,0,0,1,0,10.1007/s00062-017-0558-z
0,1,0,0,0,0,0,0,0,0,10.1111/ner.12690
0,4,0,0,0,0,0,0,0,0,10.1002/jbm.b.34435
1,0,0,0,0,0,1,0,0,0,10.1161/HYPERTENSIONAHA.120.15841
0,0,0,0,0,0,0,0,0,0,10.1557/adv.2018.590
0,0,0,0,0,1,0,0,0,0,10.1111/joic.12457
0,0,0,0,0,0,0,0,0,0,10.1002/ejoc.202001389
0,0,0,0,0,0,0,0,0,0,10.3389/fneur.2019.00293
0,1,0,0,0,1,1,0,0,1,10.1093/cercor/bhx290
0,0,0,0,0,0,0,0,0,0,10.1177/1611894420909033
2,0,0,0,0,0,0,0,0,0,10.1055/s-0043-120573
0,0,0,0,0,0,0,0,0,0,10.1111/ddg.13384
0,2,1,0,0,0,0,0,0,0,10.1093/cercor/bhx119
0,1,0,0,0,0,0,0,0,0,10.1007/s00772-020-00652-1
0,0,0,0,0,0,0,0,0,0,10.1557/adv.2019.308
0,0,0,0,0,0,1,0,0,0,10.1007/s00704-017-2184-8
0,0,0,0,0,0,0,0,0,0,10.1027/2151-2604/a000387
0,3,0,0,0,2,0,0,0,0,10.1007/s00417-017-3845-0
0,0,0,0,0,0,0,0,0,1,10.1080/10376178.2017.1421087
0,1,0,0,0,0,0,0,0,0,10.1111/joss.12559
0,0,0,0,0,0,0,0,0,0,10.1371/journal.pntd.0006311
0,0,0,0,0,2,0,0,0,0,10.3389/fonc.2020.622358
0,0,0,0,0,0,0,0,0,0,10.1002/hed.25384
0,1,0,0,0,0,0,0,0,0,10.1007/s00774-017-0888-6
0,0,1,0,0,0,0,0,0,0,10.1111/all.13338
0,0,0,0,0,0,0,0,0,1,10.1162/netn_a_00062
0,0,0,0,0,0,0,0,0,0,10.1007/s12262-018-1784-6
1,0,1,0,0,0,0,0,0,0,10.1007/s00101-017-0391-4
0,0,0,0,0,1,0,1,0,0,10.2196/24374
0,0,0,1,0,0,0,0,0,0,10.1134/S0030400X19060067
0,1,0,0,0,0,0,0,0,0,10.1007/s00406-017-0823-9
0,0,0,0,0,0,0,0,0,0,10.1055/a-0559-2746
0,0,0,0,0,0,0,0,0,1,10.1007/s00053-018-0272-6
0,1,0,0,0,0,0,0,0,0,10.1007/s40256-020-00411-3
0,0,0,0,0,0,0,0,0,0,10.1007/s00484-017-1485-z
0,0,0,0,0,0,0,0,0,0,10.1007/s00038-017-0999-9
0,0,0,0,0,0,0,0,1,0,10.3389/fpubh.2020.613250
0,0,0,0,0,0,0,0,0,0,10.1002/adbi.201800098
0,0,0,0,0,0,0,0,0,0,10.1007/s10354-016-0458-x
0,2,0,0,0,0,0,0,0,0,10.1007/s11325-017-1555-9
0,0,0,1,0,0,6,1,0,0,10.1126/sciimmunol.aar6689
0,0,0,0,0,0,0,0,0,0,10.1186/s12885-018-4339-0
0,0,0,0,0,0,0,0,0,0,10.1038/s41409-020-01050-7
0,0,0,0,0,0,0,0,0,0,10.1007/s00101-018-0528-0
2,1,0,0,0,0,0,0,0,0,10.1186/s13690-017-0237-1
0,0,0,0,0,0,0,0,0,0,10.1557/adv.2018.621
0,0,0,0,0,0,0,0,0,0,10.1007/s10549-017-4480-5
0,0,0,0,0,0,0,0,0,0,10.1007/s00520-017-3911-5
0,0,1,0,0,0,0,0,0,0,10.1007/s00393-017-0315-3
0,0,0,0,0,0,0,0,0,0,10.1055/s-2007-989491
0,0,0,0,0,0,0,0,0,0,10.3389/fnins.2020.575081
0,0,0,0,0,0,0,0,0,0,10.1111/bjd.16140
0,0,0,0,0,0,0,0,0,0,10.1017/S1041610217001387
0,0,0,0,0,0,0,0,0,0,10.1016/j.ijcard.2018.11.114
0,0,0,1,0,1,1,0,0,1,10.1016/j.jaci.2017.10.035
2,0,2,0,0,0,0,0,0,0,10.1007/s00391-016-1132-z
0,0,0,0,0,0,0,0,1,0,10.1136/bmjopen-2020-040990
0,0,0,0,0,0,0,0,1,0,10.1080/14017431.2018.1442930
0,0,0,0,0,0,0,0,0,0,10.1055/s-0043-121206
0,0,0,0,0,0,0,0,1,0,10.1212/NXI.0000000000000590
1,0,0,1,0,0,0,0,0,0,10.3390/nu12082481
0,0,0,0,0,0,0,0,0,0,10.3389/fneur.2019.00969
0,0,0,0,0,0,0,0,0,0,10.1055/a-1170-0908
0,0,0,0,0,0,0,0,1,0,10.1007/s13566-020-00413-3
0,0,0,0,0,0,0,0,1,0,10.1002/gcc.22509
1,0,0,0,0,0,0,0,0,0,10.3389/fneur.2020.579438
1,0,1,0,0,0,0,0,0,0,10.1007/s00431-017-3041-6
0,0,0,0,0,0,0,0,0,0,10.1002/ccd.27412
0,0,0,0,0,0,0,0,1,0,10.1681/ASN.2017060713
0,0,0,0,0,0,0,0,0,0,10.1007/s11678-020-00604-x
1,0,0,0,0,0,0,0,0,0,10.1007/s00586-019-06112-z
1,0,0,0,0,0,0,0,0,0,10.3389/fimmu.2019.02758
0,0,0,0,0,0,0,0,0,0,10.1055/s-0043-122242
0,0,0,0,0,0,0,0,0,0,10.1038/s41443-017-0005-3
0,0,0,0,0,0,1,0,1,0,10.1007/s10545-017-0106-7
1,0,0,0,0,0,0,0,0,0,10.1002/ajmg.b.32719
0,0,0,0,0,0,0,0,0,0,10.1093/rheumatology/kex361
1,0,0,0,0,0,0,0,0,0,10.1111/ajt.16252
0,0,0,0,0,0,0,0,1,0,10.1007/s11428-019-0471-y
0,0,0,0,0,0,0,0,0,0,10.1159/000494442
0,0,0,0,0,0,0,0,1,0,10.1007/s11560-019-00381-x
0,0,0,0,0,0,0,0,0,0,10.1007/s11560-019-00373-x
0,1,0,0,0,3,0,0,0,0,10.1002/term.2426
0,0,0,0,0,0,0,0,1,0,10.3389/fpsyt.2020.582180
0,0,0,0,0,0,0,0,0,0,10.1055/a-0746-4002
0,0,0,0,0,0,1,0,0,0,10.1177/0271678X17718693
0,0,0,0,0,0,0,0,0,0,10.1055/a-0634-8084
1,0,0,0,0,0,0,0,0,0,10.1055/a-0945-3599
0,0,0,0,0,0,0,0,0,0,10.1007/s00038-017-1004-3
0,0,0,0,0,0,0,0,0,0,10.1007/s00761-019-0533-1
0,0,1,0,0,0,0,0,0,1,10.1007/s40629-019-00109-2
2,0,0,0,0,0,0,0,1,0,10.1177/1756284820905766
0,0,0,0,0,0,0,0,0,0,10.1681/ASN.2020091350
1,0,0,1,0,1,0,0,0,0,10.1089/neu.2018.6061
0,0,0,0,0,0,0,0,0,0,10.1007/s00115-017-0459-z
0,2,1,0,0,4,1,0,0,0,10.1093/eurheartj/ehx624
0,0,0,0,0,0,0,0,0,0,10.1055/s-0043-117183
0,0,0,0,0,0,0,0,0,0,10.1093/fampra/cmx092
0,0,0,0,0,0,0,0,2,1,10.1111/bdi.12805
0,0,0,1,0,0,0,0,0,0,10.1093/gbe/evx268
0,0,0,0,0,0,0,0,0,0,10.1007/s00112-018-0447-9
0,0,0,0,0,1,0,0,0,0,10.1161/HYPERTENSIONAHA.120.16261
0,0,0,0,0,0,0,0,0,0,10.1002/ijc.31114
0,3,0,0,0,3,2,0,0,0,10.1038/s41598-019-47350-x
0,0,0,0,0,0,0,0,0,0,10.1373/clinchem.2017.275172
0,0,0,0,0,0,0,0,0,0,10.1136/annrheumdis-2020-218019
0,0,0,0,1,2,0,0,0,0,10.1038/s41598-020-79929-0
0,0,1,1,0,1,0,0,0,0,10.1007/s00103-018-2816-x
0,0,0,0,0,0,0,0,1,0,10.1159/000481544
0,0,0,0,0,0,0,0,0,0,10.3390/NU11040935
1,0,0,0,0,0,0,0,0,0,10.1016/j.cllc.2017.06.002
0,0,0,0,0,0,0,0,0,1,10.1002/hep.30782
0,0,0,0,0,0,0,0,0,0,10.1055/s-0029-1185553
0,0,0,0,0,0,0,0,1,0,10.1002/cyto.b.21518
0,0,0,0,0,1,0,0,0,0,10.1080/1354750X.2017.1306754
0,0,0,0,0,0,0,0,0,0,10.1007/s12181-020-00425-w
0,0,0,0,0,0,0,0,0,2,10.1007/s00278-020-00414-0
0,0,0,0,0,0,0,0,0,1,10.1055/a-0898-1122
0,1,0,0,0,0,0,0,0,0,10.17691/stm2018.10.3.8
0,0,0,0,0,0,0,0,0,0,10.1007/s11678-020-00587-9
0,0,0,0,0,0,0,0,1,0,10.1681/ASN.2019010004
0,0,0,0,0,0,0,0,0,0,10.1093/ndt/gfaa153
0,0,0,0,0,0,0,0,0,0,10.1186/s13023-019-1238-7
0,0,0,0,0,0,0,0,0,0,10.1590/Interface.190455
0,0,0,0,0,1,0,0,0,0,10.1017/S003329171800212X
0,0,0,0,0,0,0,0,0,0,10.1055/a-1149-9187
3,0,0,0,0,0,0,0,0,0,10.1007/s00464-017-5678-7
4,0,1,0,0,0,0,0,0,1,10.1111/ddg.13679
0,0,0,0,0,0,0,1,0,0,10.3758/s13423-017-1292-x
0,0,0,0,0,0,0,0,0,2,10.1016/j.seizure.2020.02.018
0,0,0,0,0,0,0,0,0,0,10.1027/1015-5759/a000567
0,0,0,0,0,0,0,0,0,0,10.1159/000478655
0,0,0,0,0,0,0,0,0,0,10.1007/s00112-018-0502-6
0,0,0,0,0,0,0,0,0,0,10.1093/annonc/mdz095.008
0,2,0,0,0,0,0,0,0,0,10.1016/j.clnu.2017.09.027
0,0,0,0,0,0,0,0,0,0,10.1024/1016-264X/a000294
0,0,0,0,0,0,0,0,0,0,10.1055/a-1246-1394
1,0,0,0,0,0,0,0,0,0,10.1016/S1474-4422(18)30415-0
0,0,0,0,0,0,0,0,0,0,10.1532/hsf.2205
0,0,0,0,0,0,0,0,0,0,10.1002/ajh.25628
1,4,0,0,0,0,0,0,0,0,10.3390/ijms21082959
0,0,0,0,0,0,0,0,0,0,10.1098/rspa.2018.0718
0,0,0,0,0,0,0,0,0,1,10.1055/s-0043-121345
0,0,0,0,0,0,0,0,0,0,10.1007/s10877-017-0040-0
0,0,0,0,0,0,0,0,0,0,10.1111/aos.13325
0,4,0,0,0,0,3,0,0,0,10.3390/cells9040859
0,0,0,0,0,1,0,0,1,0,10.1055/a-1097-7675
0,0,0,0,0,0,0,0,0,0,10.1186/s12974-018-1144-2
0,6,0,0,1,0,2,0,0,0,10.1016/j.isci.2020.101206
0,0,0,0,0,0,0,0,0,0,10.1055/s-0043-122393
0,0,0,0,0,0,0,0,0,0,10.1088/1361-6579/aae42e
0,0,0,0,0,0,0,0,0,0,10.14283/jpad.2018.27
0,0,0,0,0,0,0,0,0,0,10.1111/cdoe.12320
0,0,0,0,0,0,0,0,0,4,10.1136/ijgc-2019-000308
0,1,0,0,3,0,0,0,0,0,10.1038/s41598-017-18468-7
4,1,0,0,0,0,0,0,0,0,10.3389/fphys.2020.623769
0,0,0,0,0,0,0,0,0,2,10.1007/s00129-020-04621-3
0,0,0,0,0,2,0,0,0,0,10.1002/mrm.26873
0,0,0,0,0,0,0,0,0,0,10.1055/a-0669-8276
0,0,0,0,0,0,0,0,0,0,10.1159/000493319
1,0,0,0,0,1,1,0,0,0,10.1007/s00401-017-1795-6
1,0,0,0,0,0,0,0,0,0,10.1111/adb.12490
0,0,0,0,0,0,0,1,0,0,10.3389/fneur.2020.597451
0,0,0,0,0,2,0,0,1,0,10.1111/apt.14824
0,0,0,0,0,0,0,0,0,1,10.1080/10903127.2018.1465500
0,0,0,0,0,0,0,0,0,0,10.1055/s-0043-124373
0,0,0,0,0,0,0,0,0,0,10.1111/bph.15193
0,0,0,0,0,0,0,0,0,3,10.1080/13607863.2017.1334759
0,0,0,0,0,0,0,0,0,0,10.1055/a-0627-4601
1,1,0,0,0,0,0,0,0,0,10.1111/jdv.14584
0,0,0,0,0,0,0,0,0,2,10.3414/ME18-02-0002
0,0,0,0,0,0,0,0,0,0,10.1093/eurheartj/ehz299
0,0,0,0,0,0,0,0,0,0,10.1161/CIRCRESAHA.119.315198
0,0,0,0,0,1,0,0,0,0,10.1212/NXI.0000000000000583
0,0,0,0,0,0,0,0,0,0,10.1055/a-1274-3662
0,0,0,0,0,0,0,0,0,0,10.1007/s00112-019-00794-x
0,0,0,0,0,0,0,0,0,0,10.1136/annrheumdis-2017-211937
0,0,0,0,0,0,0,0,0,0,10.1515/pubhef-2020-0027
0,0,0,0,0,0,0,0,0,1,10.1007/s10433-019-00547-5
0,0,0,0,0,0,0,0,1,0,10.1001/jamaneurol.2019.0079
0,6,0,0,0,0,0,0,0,0,10.1136/thoraxjnl-2017-210105
2,0,0,0,0,1,0,0,0,0,10.1177/1533033818818418
0,3,0,0,0,0,0,0,0,0,10.1002/term.2787
0,0,0,0,0,0,0,0,0,0,10.1177/1747493017706245
0,0,0,0,0,0,0,0,1,0,10.1038/s41409-020-01173-x
0,0,0,0,0,0,0,0,0,0,10.1177/0964528419832616
1,0,0,0,0,0,0,0,0,0,10.1007/s00059-017-4654-2
0,0,0,0,0,0,0,0,0,0,10.1002/mdc3.12805
1,0,0,0,0,0,0,0,0,0,10.1001/jamapsychiatry.2017.3433
0,0,0,0,0,0,0,0,0,0,10.1038/s42256-020-0173-6
1,0,0,0,0,0,0,0,0,0,10.1177/2050640619825719
0,0,0,0,0,0,0,0,0,1,10.1093/eurheartj/suaa182
0,0,0,0,0,0,0,0,0,0,10.1055/a-0657-8226
0,0,0,0,0,0,0,0,0,0,10.1007/s11757-020-00583-3
0,0,0,0,0,0,0,0,0,0,10.1055/s-0044-100252
0,0,0,0,0,0,0,0,0,0,10.1055/a-0638-9456
0,0,0,0,0,0,0,0,0,0,10.3389/fpsyg.2020.564158
0,0,0,0,0,1,0,0,0,0,10.1039/c8sm02264j
0,0,0,0,0,0,0,0,0,0,10.4193/Rhin19.080
1,0,1,0,0,0,0,0,0,0,10.1007/s00393-017-0329-x
0,0,0,0,0,0,0,0,0,0,10.1007/s00380-019-01436-8
0,0,0,0,0,0,0,0,0,0,10.1007/s00278-017-0255-z
0,0,0,0,0,0,1,0,0,0,10.1111/all.13271
0,0,0,0,0,0,0,0,0,0,10.1080/17453674.2017.1398012
0,0,0,0,0,0,0,0,0,0,10.1134/S0030400X20060259
0,0,0,0,0,0,0,0,0,0,10.1007/s00104-020-01300-w
0,0,0,0,0,0,0,0,0,0,10.1055/a-1282-0947
0,0,0,0,0,0,0,0,0,0,10.1093/annonc/mdz100.007
0,0,0,0,0,0,0,0,0,0,10.1111/jocs.14842
0,0,0,0,0,0,0,0,0,0,10.2217/fnl-2020-0001
2,0,0,0,0,0,0,0,0,2,10.1093/eurheartj/ehz455
0,0,0,0,0,0,0,0,0,0,10.1016/S1474-4422(18)30322-3
0,0,0,0,0,0,0,0,0,0,10.1055/a-1239-3958
0,0,0,0,0,0,0,0,0,0,10.1016/j.jcf.2017.09.002
0,1,0,0,0,0,0,0,0,0,10.1093/chemse/bjx072
1,0,1,0,0,0,0,0,0,0,10.1093/europace/eux211
0,0,0,0,0,0,0,0,0,0,10.1515/nf-2018-0031
0,0,0,0,0,0,0,0,0,0,10.5482/HAMO-16-10-0041
0,0,0,0,0,0,0,0,0,1,10.1177/1758835920973130
0,0,0,0,0,1,0,0,0,0,10.1007/s00402-017-2855-z
0,0,0,0,0,0,0,0,0,0,10.3233/CH-189318
0,3,0,0,0,0,0,0,0,0,10.3899/jrheum.170486
0,0,0,0,0,0,0,0,1,0,10.3390/nu12040904
1,0,0,0,0,0,0,0,0,0,10.1007/s00038-017-0998-x
1,0,1,0,0,0,0,0,0,1,10.1109/ACCESS.2019.2900345
0,0,0,0,0,0,0,0,0,0,10.1002/ejhf.937
1,3,0,0,0,0,0,0,0,0,10.1039/c8tb00563j
0,0,0,0,0,0,0,0,0,0,10.1055/s-0029-1185552
0,0,0,0,0,0,0,0,0,0,10.1177/0898264317737894
0,2,0,0,0,0,1,0,0,0,10.1002/term.2755
0,0,0,0,0,0,0,0,0,0,10.1007/s00106-018-0476-7
0,0,0,0,0,0,0,0,0,0,10.21037/atm.2018.07.29
0,0,0,0,0,0,0,0,0,0,10.1111/insr.12418
0,0,0,0,0,0,0,0,0,0,10.1007/s00129-018-4236-2
0,0,0,0,0,0,0,0,0,0,10.1007/s00063-018-0420-3
1,0,0,1,0,2,0,0,0,1,10.1111/jsr.12614
1,0,0,0,0,0,0,0,0,0,10.1007/s00398-018-0284-0
0,0,0,0,0,0,0,0,1,0,10.1093/eurjpc/zwaa080
0,0,0,0,0,0,0,0,0,0,10.1111/pai.12809
0,0,0,0,0,0,0,0,0,1,10.1007/s11678-020-00586-w
0,2,0,0,0,0,0,0,1,0,10.1093/jnci/djx258
0,0,0,0,0,0,0,0,0,0,10.1093/annonc/mdz095.024
0,0,0,0,0,0,0,0,1,0,10.1007/s10926-017-9733-y
0,1,0,0,0,0,0,0,0,0,10.1038/s41375-020-0735-y
2,0,0,0,0,1,0,0,0,0,10.1007/s10341-020-00492-z
0,0,0,0,0,0,0,0,0,0,10.1007/s00398-018-0242-x
0,0,0,0,0,0,0,0,0,0,10.1007/s00761-020-00842-2
0,0,0,0,0,0,0,0,0,0,10.1557/adv.2019.465
0,0,1,0,0,0,0,0,0,0,10.1002/ijc.31213
0,0,0,0,0,0,0,0,0,0,10.1007/s00129-020-04622-2
0,0,0,0,0,0,0,0,1,0,10.1007/s00398-019-0327-1
0,0,0,0,0,0,0,0,0,0,10.1007/s00702-017-1812-x
1,0,0,0,1,0,0,0,0,0,10.1093/nar/gkz506
0,0,0,0,0,0,0,0,0,0,10.1159/000489829
0,0,0,0,0,0,0,0,0,0,10.1007/s00112-018-0484-4
0,0,0,0,0,0,0,0,0,1,10.1007/s11428-018-0303-5
0,0,0,0,0,0,0,0,0,1,10.1159/000471801
0,0,0,0,0,0,0,0,0,0,10.21037/hbsn.2020.03.03
0,1,0,0,4,1,1,0,0,0,10.1016/j.chom.2019.12.005
0,0,0,0,0,0,0,0,1,0,10.1007/s00482-019-0362-6
0,0,0,0,0,0,0,0,0,1,10.1159/000477418
0,0,0,0,0,0,0,0,0,0,10.1007/s12181-018-0249-2
0,0,0,0,0,0,0,0,0,1,10.1080/1354750X.2017.1420823
0,0,0,0,0,0,0,0,0,0,10.1007/s00129-020-04577-4
0,0,0,0,0,0,0,0,0,0,10.1055/a-0720-7394
1,0,0,2,0,0,0,0,0,0,10.1016/j.immuni.2019.01.001
0,0,0,0,0,0,0,0,0,0,10.1002/jcu.22732
0,4,0,0,0,0,0,0,0,0,10.3390/cells8050446
0,0,0,0,0,0,0,0,0,0,10.1186/s13063-020-04735-y
0,0,0,0,0,0,0,0,0,0,10.1080/14767058.2017.1332032
0,0,0,0,0,0,0,0,0,0,10.1080/17474124.2021.1829472
0,0,0,0,0,0,0,0,0,0,10.1016/j.annonc.2020.07.004
2,0,0,0,0,0,0,0,0,0,10.1038/s41564-020-0709-x
0,0,0,0,0,0,0,0,0,0,10.1055/a-1240-9304
0,0,0,0,0,0,0,0,2,0,10.1016/S0140-6736(20)31182-X
0,0,0,0,0,0,0,0,1,0,10.3389/fneur.2020.549038
0,0,0,0,0,0,0,0,1,0,10.1111/iwj.12854
2,0,0,0,0,0,0,0,0,0,10.2147/CEOR.S223383
0,3,0,0,0,1,0,0,0,0,10.1016/j.celrep.2020.03.006
0,0,0,0,0,0,0,0,0,0,10.3389/fpsyt.2020.580103
0,2,0,0,0,0,0,0,0,0,10.3389/fmars.2019.00662
0,3,0,0,0,0,0,0,0,1,10.1002/term.2507
0,0,0,0,0,0,0,0,0,0,10.1007/s00481-019-00532-7
0,0,0,0,0,0,0,0,0,0,10.1007/s00761-019-0622-1
0,0,0,0,0,0,0,0,0,0,10.1007/s11192-019-03188-8
2,0,1,0,0,0,0,0,1,0,10.1055/a-0619-6216
0,1,0,0,0,1,0,0,0,0,10.1093/rheumatology/kex414
0,0,0,0,0,0,0,0,0,0,10.1007/s11757-020-00635-8
0,0,0,0,0,0,0,0,0,0,10.1007/s11678-019-0521-5
0,0,0,0,0,0,0,0,0,0,10.1177/0284185117726101
0,0,0,0,0,0,0,0,0,0,10.1111/all.14033
0,9,0,0,0,0,0,0,0,0,10.1038/mi.2017.98
0,0,0,0,0,0,0,0,1,0,10.1007/s00066-017-1221-y
0,0,0,0,0,0,0,0,0,0,10.1002/lsm.23213
0,0,0,0,0,0,0,0,0,0,10.1055/a-0583-6290
0,0,0,0,0,3,0,1,0,0,10.2741/4880
0,0,0,0,0,0,0,0,0,0,10.1002/ejhf.1059
0,0,0,0,0,0,0,0,0,0,10.1093/annonc/mdz154.017
0,0,0,0,0,0,0,0,0,0,10.1055/a-0604-4068
0,0,0,0,0,0,0,0,0,0,10.1007/s00436-017-5681-x
1,0,0,0,0,0,0,0,1,0,10.4088/JCP.15r10545
0,0,0,0,0,0,0,0,0,1,10.1007/s00292-020-00864-y
2,0,0,0,0,0,0,0,0,0,10.2341/16-344-LIT
0,0,0,0,0,2,0,0,0,0,10.21873/invivo.11222
0,0,0,0,0,0,0,0,0,1,10.1093/ejcts/ezaa038
0,0,0,0,0,0,0,1,0,0,10.1021/acs.biomac.9b01458
0,0,0,0,0,0,0,0,0,0,10.1136/ijgc-2019-000292
0,0,1,0,0,0,0,0,0,0,10.1093/cvr/cvaa024
0,0,0,0,0,0,1,0,0,0,10.3389/fimmu.2020.01593
0,0,0,0,0,0,0,0,0,1,10.1007/s41971-018-0017-y
0,1,0,0,0,0,0,0,0,0,10.1038/npp.2017.121
0,0,0,0,0,0,0,0,0,0,10.3205/iprs000150
0,0,0,0,0,0,0,0,1,0,10.1111/coa.12977
0,1,0,0,0,0,0,0,1,0,10.1007/s00394-017-1538-4
0,0,0,0,0,0,0,0,1,0,10.1038/s41523-020-0156-0
0,0,0,0,0,0,0,0,0,0,10.1007/s11757-020-00589-x
0,1,0,0,0,0,0,0,0,0,10.3390/coatings10030264
0,0,0,0,0,0,0,0,0,0,10.1093/gerona/glx136
0,0,0,0,0,0,0,0,0,0,10.1159/000511034
0,0,0,0,0,0,0,0,0,0,10.1007/s00268-017-4412-x
0,0,0,0,0,0,0,0,0,0,10.1093/ehjacc/zuaa025
0,0,0,0,0,0,0,0,0,0,10.1016/S1474-4422(18)30295-3
0,0,0,0,0,0,1,0,1,0,10.1055/s-0042-112223
0,0,0,0,0,0,0,0,0,0,10.1515/pubhef-2020-0030
0,0,0,0,0,0,0,0,0,0,10.1007/s11239-020-02148-x
0,0,0,0,0,0,0,0,0,0,10.1007/s00103-017-2662-2
0,0,0,0,0,0,0,0,0,0,10.12688/f1000research.12537.3
0,0,0,0,0,0,0,0,0,0,10.1063/1.5135379
0,2,0,0,0,0,0,0,0,0,10.1038/mp.2017.112
0,0,0,0,0,0,0,0,0,0,10.1111/all.13319
0,0,0,0,0,1,0,0,0,0,10.3414/ME17-01-0058
1,1,0,0,0,2,0,0,0,0,10.1002/adbi.201900080
0,0,0,0,0,0,0,0,0,0,10.1111/ane.12865
0,0,0,0,0,0,0,0,0,0,10.1136/bmjsem-2020-000858
0,0,0,0,0,1,0,0,0,0,10.1159/000474941
0,0,0,2,0,0,0,0,0,0,10.1177/0748730417740467
0,0,0,0,0,0,0,0,0,0,10.1088/1555-6611/aad1b4
0,0,0,0,0,0,0,0,0,0,10.1007/s00761-019-0532-2
0,0,0,0,0,0,0,0,0,0,10.1007/s00761-018-0377-0
0,0,0,0,0,0,0,0,0,0,10.1111/joic.12472
0,0,0,0,0,0,0,0,0,0,10.1177/1352458517717089
0,0,0,0,0,0,0,0,2,1,10.1161/CIRCULATIONAHA.117.029457
0,0,0,0,0,0,0,0,1,1,10.34190/EJEL.20.18.3.002
0,0,0,0,0,0,0,0,0,1,10.1161/STROKEAHA.117.019431
0,7,0,0,0,1,1,0,0,0,10.1053/j.gastro.2017.12.008
0,0,0,0,0,0,0,0,0,0,10.1007/s00113-017-0405-3
0,0,0,0,0,0,0,0,0,1,10.1007/s00761-020-00877-5
0,0,0,0,0,0,0,0,0,0,10.1002/cyto.a.23509
0,0,0,0,0,0,0,0,0,0,10.1088/1361-6579/aad5fe
0,0,0,0,0,2,0,0,1,0,10.1186/s13613-019-0529-4
0,0,0,0,0,0,0,0,0,0,10.1515/jpm-2018-0207
0,2,0,0,4,0,0,0,0,0,10.1038/s41467-020-15505-4
0,0,0,0,0,0,0,0,0,1,10.1007/s00129-018-4276-7
2,0,0,0,0,0,0,0,0,0,10.1007/s00106-018-0526-1
0,0,0,0,0,0,0,0,0,2,10.1002/pi.6162
0,0,0,0,0,0,0,0,0,0,10.1007/s10405-019-00278-5
0,0,0,0,0,0,0,0,0,0,10.1007/s12181-018-0256-3
0,0,0,0,0,0,0,0,0,0,10.1055/s-0042-123434
0,0,0,0,0,0,0,0,0,1,10.1177/0885066617696848
1,0,0,0,0,0,0,0,1,0,10.1515/jpm-2017-0049
0,0,0,0,0,1,0,0,0,1,10.1007/s11136-017-1729-8
0,0,0,0,0,0,0,0,0,0,10.1111/tri.13138
1,0,0,0,0,0,0,0,0,0,10.1038/mp.2017.130
0,0,0,0,0,0,0,0,0,0,10.1136/neurintsurg-2017-013315.rep
0,0,0,0,0,0,0,0,0,3,10.3389/fnins.2020.618395
0,0,1,1,0,0,0,0,0,0,10.1007/s40520-017-0816-6
0,0,0,0,0,0,0,0,0,0,10.1101/cshperspect.a029223
0,0,0,0,0,0,0,0,0,0,10.1002/ccr3.2569
0,0,0,0,0,0,0,0,0,0,10.1080/02670836.2019.1612142
0,0,0,0,0,0,0,0,0,2,10.1080/14779072.2018.1421068
0,10,0,0,0,0,2,0,0,0,10.1164/rccm.201702-0386OC
0,0,0,0,0,0,0,0,0,0,10.1007/s00134-017-5024-5
0,0,0,0,0,0,0,0,0,0,10.21037/jtd.2018.10.58
0,0,0,0,0,0,0,0,0,0,10.2217/nnm-2017-0206
0,0,0,0,0,0,0,0,0,0,10.1007/s00406-017-0796-8
1,0,0,0,0,0,0,0,0,0,10.1093/eurheartj/ehx106
0,0,0,0,0,0,0,0,1,0,10.3389/fphar.2020.01162
0,0,0,0,0,0,0,0,0,0,10.1007/s12631-019-0182-7
0,0,0,0,0,0,0,0,0,0,10.1007/s00772-018-0360-5
0,0,0,0,0,0,0,0,0,0,10.1080/09273948.2016.1196712
0,0,0,0,0,0,0,0,0,0,10.1007/s00105-020-04543-0
0,0,0,0,0,0,0,0,0,0,10.1007/s10049-017-0333-3
0,0,0,0,2,0,5,0,0,0,10.1101/gad.330134.119
0,0,0,0,0,0,0,0,0,0,10.1212/NXI.0000000000000525
0,0,0,1,0,0,0,0,0,0,10.1002/mrm.26887
0,0,0,0,0,0,0,0,0,0,10.1186/s12967-018-1476-9
0,0,0,0,0,0,0,0,0,0,10.1007/s00053-019-0372-y
0,0,0,0,0,0,0,0,1,0,10.5114/pja.2020.93827
0,0,0,0,0,0,0,0,0,0,10.1024/1016-264X/a000291
1,4,0,0,0,0,0,0,0,0,10.1002/adfm.201808961
0,0,0,0,0,0,0,0,0,0,10.1111/micc.12434
0,0,0,0,0,0,0,0,0,0,10.1038/pr.2017.238
0,0,0,0,0,0,0,0,0,0,10.1080/00015385.2017.1420438
0,0,0,0,0,0,0,0,0,0,10.1089/ten.tea.2019.0152
0,1,0,0,0,0,0,0,0,0,10.1111/ddg.13640
1,0,0,0,0,0,0,0,0,0,10.1002/acr.23503
0,0,0,0,0,0,0,0,1,1,10.1007/s11560-019-0317-z
0,0,0,0,0,0,0,0,0,0,10.1007/s42212-018-0070-7
0,0,0,0,0,1,0,0,0,0,10.1177/0271678X17691530
0,0,0,0,0,0,0,0,0,0,10.1007/s40629-017-0044-9
0,0,0,0,0,0,0,0,0,2,10.1111/jdv.14570
5,3,0,0,0,1,2,0,0,1,10.1200/PO.19.00072
0,0,0,0,0,0,0,0,0,0,10.3389/fpsyt.2020.00745
0,1,0,0,0,0,0,0,1,0,10.1136/jnnp-2017-315962
0,0,0,0,0,0,0,0,0,0,10.1111/ddg.13598_g
0,0,0,0,0,0,0,0,0,0,10.1007/s00103-017-2658-y
0,0,0,0,0,1,0,0,0,0,10.3390/ma11010009
0,0,0,0,0,0,0,0,1,0,10.1007/s00330-017-4994-6
0,1,0,0,0,0,0,0,0,0,10.1557/adv.2020.235
0,0,0,0,0,0,0,0,0,0,10.3205/zma001267
0,0,0,0,0,0,0,0,0,0,10.2147/TCRM.S278454
0,0,0,0,0,1,0,0,0,0,10.1259/bjr.20170678
1,0,1,0,0,0,0,0,0,0,10.1159/000480357
1,1,0,1,0,0,1,0,0,0,10.1182/blood-2017-09-805259
0,0,0,0,0,0,0,0,0,0,10.1111/cen.13447
0,0,0,0,0,0,0,0,0,0,10.1016/S0140-6736(18)31891-9
0,0,0,0,0,0,0,0,0,0,10.1007/s00467-017-3820-3
0,0,0,0,0,0,0,0,0,0,10.1007/s00761-019-0531-3
0,0,0,0,0,0,0,0,0,0,10.1055/a-0821-7154
0,0,0,0,0,0,0,0,0,0,10.1055/s-0043-118274
0,0,0,0,0,0,0,0,0,0,10.1021/acs.biomac.9b01279
0,0,0,0,0,0,0,0,0,0,10.1001/jamapsychiatry.2018.4175
0,0,0,0,0,0,0,0,0,0,10.3233/CH-189107
0,0,0,0,0,0,0,0,1,1,10.1111/all.13317
0,7,0,0,0,0,1,0,0,0,10.1016/j.jaci.2017.03.046
1,0,0,0,0,1,0,0,0,2,10.1111/oik.04879
0,0,0,0,0,0,0,0,0,1,10.1007/s00761-020-00713-w
5,2,0,1,0,0,0,0,0,0,10.1016/j.celrep.2020.108235
0,0,0,0,0,0,0,0,0,0,10.1111/bjd.15864
0,0,0,0,0,0,0,0,0,0,10.1080/01635581.2017.1374419
0,0,0,0,0,0,0,0,0,0,10.1002/ehf2.12964
0,0,0,0,0,0,0,0,0,0,10.9738/INTSURG-D-15-00125.1
0,0,0,0,0,0,0,0,0,0,10.1515/jpm-2016-0403
0,0,0,0,0,0,0,0,0,0,10.1557/adv.2019.401
0,0,0,0,0,0,0,0,0,0,10.5771/0935-9915-2018-3-206
3,0,0,0,0,0,0,0,0,0,10.1021/acs.langmuir.7b03126
0,0,0,0,0,0,0,0,0,1,10.1007/s12181-019-0300-y
0,1,0,0,0,0,0,0,0,0,10.1017/S0954579420001686
0,0,0,0,0,0,0,0,0,0,10.1007/s00481-018-0477-9
0,0,0,0,0,0,0,0,0,1,10.1055/a-1231-1104
0,1,0,0,0,0,0,0,0,0,10.1136/gutjnl-2016-313598
0,0,0,0,0,0,0,0,1,0,10.1007/s00394-017-1468-1
0,0,0,0,0,0,0,0,0,0,10.1055/a-1191-3401
0,0,0,0,0,0,0,0,0,0,10.1080/10400435.2016.1251994
0,0,0,0,0,0,0,0,0,2,10.1055/s-0043-119894
0,0,0,0,0,0,0,0,0,0,10.1007/s00701-019-03844-1
0,1,0,0,0,0,0,0,1,0,10.1093/hmg/ddx413
0,0,0,0,0,0,0,0,0,0,10.1007/s11654-018-0097-3
0,0,0,0,0,0,0,0,0,0,10.1002/jcu.22890
0,0,0,0,0,0,0,0,0,0,10.1007/s00761-019-00648-x
1,0,0,0,0,0,0,0,0,0,10.1007/s00761-020-00876-6
0,0,0,0,0,1,0,0,1,0,10.2967/jnumed.117.195172
0,0,0,0,0,0,0,0,0,0,10.1007/s00063-017-0345-2
0,0,0,0,0,0,0,0,0,0,10.1007/s00761-019-0538-9
0,3,0,0,0,0,1,0,0,1,10.1073/pnas.1910668117
0,0,0,0,0,0,0,0,0,0,10.1186/s12917-020-02451-y
1,0,0,0,0,0,0,0,0,0,10.1055/a-0646-5901
0,0,0,0,0,0,0,0,0,0,10.1007/s00112-018-0591-2
0,0,0,0,0,0,0,0,0,0,10.1002/eji.201747183
0,0,0,0,0,0,0,0,0,0,10.1001/jamapsychiatry.2017.3391
0,0,0,0,0,0,0,0,0,0,10.1007/s00142-018-0224-8
0,2,1,0,0,0,0,0,1,0,10.1038/gim.2017.154
0,0,0,0,0,0,0,0,0,0,10.1007/s00761-019-0638-6
0,0,0,0,0,1,0,0,0,0,10.1038/s41564-020-0695-z
0,0,0,0,0,0,0,0,0,0,10.1002/ccd.27306
0,0,0,0,0,0,0,0,0,0,10.1186/s12911-020-1039-x
1,0,0,0,0,0,0,0,0,0,10.3389/fimmu.2020.613954
0,0,0,0,0,0,0,0,0,2,10.1007/s00761-018-0408-x
0,0,0,0,0,0,0,0,0,0,10.1002/ejhf.1039
0,0,0,0,0,0,0,0,0,0,10.1007/s00402-017-2864-y
0,0,0,0,0,0,0,0,0,4,10.1055/a-0833-5712
0,3,0,0,0,0,0,0,0,0,10.3389/fmicb.2020.582070
0,2,0,0,0,0,0,0,1,0,10.1080/1744666X.2020.1858803
0,5,0,0,0,0,0,0,0,0,10.1002/term.2471
0,0,0,0,0,0,0,0,0,4,10.1093/eurheartj/ehy340
0,0,0,0,0,0,0,0,0,0,10.1089/ten.tec.2017.0369
0,0,0,0,0,0,0,0,0,0,10.1183/13993003.01287-2018
0,0,0,0,0,0,0,0,2,1,10.1007/s40629-019-0100-8
1,0,0,0,0,0,0,0,0,0,10.1007/s00393-017-0294-4
0,0,0,0,0,0,0,0,0,0,10.5093/ejpalc2020a4
0,0,0,0,0,0,0,0,0,0,10.1055/a-0630-2976
0,1,0,0,0,0,0,0,0,0,10.1093/ehjci/jex159
0,0,0,0,0,0,0,0,0,0,10.1007/s11757-019-00528-5
0,2,0,0,0,1,0,0,0,0,10.1557/adv.2019.405
0,0,0,0,0,0,0,0,1,0,10.3389/fcvm.2019.00043
0,0,0,0,0,0,0,0,0,0,10.1016/j.clnu.2017.06.025
0,0,0,0,0,0,0,0,0,0,10.1002/pat.4331
0,0,0,0,0,0,0,0,0,0,10.1093/nar/gkx1016
0,2,0,0,0,0,0,0,0,0,10.1055/a-1176-2344
1,0,0,0,0,0,0,0,0,0,10.1007/s00278-020-00467-1
0,0,0,0,0,0,3,0,0,0,10.3389/fimmu.2020.609891
0,0,0,0,0,0,0,0,0,0,10.15446/abc.v24n2.69420
0,0,0,0,0,0,0,0,0,0,10.1177/0306624X16664379
0,0,0,0,0,0,0,0,0,0,10.1093/annonc/mdz097.014
0,0,0,0,0,0,0,0,0,0,10.1016/j.jaci.2017.08.037
0,0,0,0,0,0,0,0,0,0,10.1007/s12181-017-0209-2
0,0,0,0,0,1,0,0,0,0,10.1177/0271678X17726635
0,3,0,0,0,0,0,0,0,0,10.1002/term.2528
0,0,0,0,0,1,0,0,0,0,10.1007/s00701-019-03980-8
0,0,0,0,0,0,0,0,0,0,10.1055/a-0884-3143
1,0,0,0,0,1,0,0,0,0,10.1161/CIRCGEN.119.002686
0,0,0,0,0,0,0,0,0,0,10.1007/s00142-020-00409-8
0,0,0,0,0,0,0,0,0,0,10.21873/anticanres.12342
1,2,0,0,0,0,0,0,0,0,10.1158/2326-6066.CIR-17-0256
0,0,0,0,0,0,0,0,0,0,10.1080/02664763.2020.1788518
0,0,0,0,0,0,0,0,0,0,10.1007/s00761-018-0518-5
0,0,0,0,0,0,0,0,0,1,10.1007/s00772-018-0409-5
1,0,0,0,0,0,0,0,0,1,10.1038/s41398-018-0360-y
0,0,0,0,0,1,0,0,0,1,10.1002/jbio.201700186
0,0,1,1,0,0,0,1,0,0,10.1557/adv.2020.386
0,0,0,0,0,0,0,0,1,0,10.3389/fimmu.2019.00758
0,0,0,0,0,0,0,0,0,0,10.1177/2045125320942703
0,0,0,0,0,0,0,0,0,0,10.1152/ajplung.00159.2020
0,0,0,0,0,0,0,0,0,0,10.1055/a-1193-8261
0,2,0,0,0,0,1,0,0,0,10.1021/acschembio.9b00739
0,0,0,0,0,0,0,0,0,0,10.1038/s41581-019-0161-4
0,0,0,0,0,0,0,0,1,0,10.1007/s00391-020-01732-3
0,3,0,0,0,0,0,0,0,0,10.1111/jre.12487
0,0,0,0,0,0,0,0,1,0,10.1007/s00392-017-1190-2
0,0,0,1,0,1,0,0,0,0,10.1055/a-0682-1469
0,0,0,0,0,3,0,0,0,0,10.1111/cpr.12387
0,0,0,0,0,0,0,0,0,0,10.1080/0284186X.2017.1360513
0,0,0,0,0,0,0,0,0,0,10.1007/s11606-018-4774-2
0,0,0,0,0,0,0,0,0,0,10.1111/liv.14533
0,0,0,0,0,0,0,0,0,0,10.1371/journal.pbio.3000410
1,3,0,0,0,0,0,0,0,0,10.1002/adma.201705452
0,1,0,0,0,0,0,0,1,0,10.1093/sleep/zsx191
0,0,0,0,0,0,0,0,0,0,10.1136/jnnp-2017-317329
0,0,0,0,0,0,0,0,0,0,10.1021/acs.biomac.9b00069
0,0,0,0,0,0,0,0,0,0,10.1055/a-1197-0136
0,0,0,0,0,0,0,0,0,0,10.3233/CH-189402
0,0,0,0,0,0,0,0,0,0,10.1002/biot.201700341
0,7,0,0,0,0,0,0,0,0,10.1007/s12035-017-0612-5
1,0,0,0,0,0,0,0,0,0,10.1007/s00120-018-0644-0
0,0,0,0,0,0,0,0,0,0,10.1017/S1366728916001206
0,0,0,0,0,0,0,0,0,0,10.1007/s00115-016-0226-6
0,0,0,0,0,0,0,0,0,0,10.1055/s-0029-1240916
0,0,0,0,0,0,0,0,1,0,10.1016/j.ajog.2017.11.570
0,0,0,0,0,0,0,0,1,0,10.1159/000507571
0,0,0,0,0,0,0,0,0,1,10.1002/ejhf.1029
0,0,0,0,0,0,0,0,1,0,10.3389/fneur.2020.617472
0,0,0,0,0,2,0,0,0,0,10.1002/mrm.26968
0,0,0,0,0,0,0,0,0,0,10.1055/s-0037-1608761
0,0,0,0,0,0,0,0,0,0,10.1093/annonc/mdz414
0,0,0,0,0,0,0,0,0,0,10.1007/s00228-017-2362-8
0,0,0,0,0,0,0,0,0,5,10.1093/eurheartj/ehz405
0,0,0,0,0,0,0,0,0,0,10.1089/ars.2017.7052
0,0,0,0,0,0,0,0,0,0,10.1007/s12471-018-1122-4
0,0,0,0,0,0,0,0,0,0,10.1177/1591019917733733
0,0,0,1,0,0,0,0,0,0,10.1007/s11757-018-0504-1
0,0,0,0,0,0,0,0,0,0,10.1007/s40629-019-0092-4
0,0,0,0,0,0,0,0,0,0,10.1002/rcr2.423
0,0,0,0,0,2,0,0,0,0,10.1007/s00106-020-00903-3
0,0,0,0,0,0,0,0,0,0,10.1080/13651501.2017.1383437
0,0,1,0,0,0,0,0,0,0,10.1080/0142159X.2020.1854704
0,0,0,0,0,0,0,0,0,0,10.1107/S1600577520005603
0,0,0,0,0,0,0,0,0,0,10.2319/080817-532.1
0,0,0,0,0,0,0,0,0,0,10.1097/TP.0000000000003360
0,0,0,0,0,0,0,0,0,0,10.1093/annonc/mdz095.014
1,5,0,0,0,1,2,1,0,0,10.1093/eurheartj/ehy249
0,0,0,0,0,0,0,0,1,0,10.3389/fnhum.2020.596381
0,0,0,0,0,0,0,0,0,0,10.3389/fonc.2020.617506
1,0,0,0,0,0,0,0,0,0,10.1055/a-1112-5519
0,0,0,2,0,0,0,0,0,0,10.3389/fneur.2020.607193
0,0,0,0,0,0,0,0,0,0,10.1070/QEL16901
0,0,0,0,0,0,0,0,1,0,10.1007/s00482-019-00442-z
0,0,0,0,0,0,0,0,0,0,10.1055/s-0043-119685
0,5,0,0,0,0,0,0,0,0,10.1007/s12035-017-0698-9
1,1,0,0,0,0,0,0,1,0,10.1002/ccd.27313
0,0,0,0,0,0,0,0,3,0,10.1007/s12181-020-00395-z
0,0,0,0,0,0,0,0,0,0,10.1146/annurev-psych-010417-085944
0,0,0,0,0,0,0,0,1,0,10.1016/j.jgo.2017.07.011
0,1,0,0,0,0,0,0,0,0,10.1016/j.jid.2018.07.034
0,0,0,0,0,0,0,0,0,0,10.1177/0022034520908533
0,0,0,0,0,0,0,0,0,0,10.1136/rmdopen-2019-001020
0,0,0,0,0,0,0,0,0,0,10.1026/0942-5403/a000321
0,0,0,0,0,0,0,0,0,0,10.1017/S0033291717002161
0,0,0,0,0,0,0,0,0,0,10.1055/a-0998-4952
0,0,0,0,0,0,0,0,1,0,10.1007/s10654-017-0333-0
0,0,0,0,0,0,0,0,0,1,10.1007/s00761-019-0591-4
0,0,0,0,0,0,0,0,1,0,10.3389/fpubh.2020.00424
2,0,0,0,0,0,0,0,0,0,10.1007/s11757-018-0498-8
0,0,0,0,0,0,0,0,0,0,10.1007/s00053-018-0280-6
0,1,0,0,0,2,0,0,0,0,10.2340/00015555-2780
0,0,0,0,0,0,0,0,0,0,10.1007/s00053-020-00490-5
0,0,0,0,0,0,0,0,0,0,10.2174/0929867324666170714114200
0,3,0,0,0,0,0,0,0,0,10.46582/jsrm.1401006
0,0,0,0,0,0,0,0,1,2,10.1159/000486384
0,0,0,0,0,0,0,0,0,1,10.1136/annrheumdis-2017-211734
0,0,0,0,0,0,0,0,0,0,10.1007/s11553-018-0687-5
0,4,0,0,0,0,0,0,0,0,10.1039/c7tb03096g
0,0,0,0,0,0,0,0,0,0,10.3233/CH-209208
1,0,0,0,0,0,0,0,0,0,10.1016/j.jpeds.2017.07.050
1,0,0,0,0,0,0,0,0,0,10.1159/000492097
0,0,0,0,0,0,0,0,0,0,10.1007/s10049-017-0386-3
3,0,0,0,0,0,0,0,0,0,10.1016/S0140-6736(18)32335-3
0,0,0,0,0,0,0,0,0,0,10.1007/s00761-020-00873-9
0,0,0,0,0,0,0,0,0,0,10.2217/nnm-2019-0228
1,0,0,0,0,0,0,0,0,0,10.1055/s-0042-113601
1,0,0,0,0,0,0,0,0,0,10.1001/jamacardio.2018.4729
0,0,0,0,0,0,0,0,0,0,10.3233/CH-189307
1,0,0,1,0,0,0,0,0,0,10.1093/cid/ciy723
0,0,0,0,0,0,0,0,0,0,10.1055/s-0043-123907
1,0,0,0,0,0,0,0,0,0,10.1007/s00402-018-2977-y
0,0,0,0,0,0,0,0,0,0,10.1111/aor.12955
1,0,0,0,0,0,0,0,2,0,10.1007/s11377-019-00407-9
0,2,0,0,0,3,2,0,0,0,10.1002/term.2446
0,0,0,0,0,0,0,0,0,0,10.1055/s-0043-108060
0,0,0,0,0,0,0,0,0,0,10.1177/1708538120983698
0,0,0,0,0,0,0,0,0,0,10.1007/s00103-017-2675-x
0,0,0,0,0,0,0,0,0,0,10.1093/neuonc/nox188
0,0,0,0,0,0,0,0,0,0,10.1007/s00761-018-0379-y
0,0,0,0,0,0,0,0,0,0,10.1038/npp.2017.282
0,0,0,0,0,0,0,0,0,1,10.1016/S2214-109X(20)30278-3
0,0,0,0,0,0,0,0,0,0,10.1186/s13023-019-1280-5
1,0,1,0,0,1,0,0,0,0,10.3389/fimmu.2020.569006
0,2,0,0,4,0,0,0,0,0,10.4049/jimmunol.1801400
0,0,0,0,0,0,0,0,0,0,10.1007/s00414-017-1731-2
0,0,0,0,0,0,0,0,0,2,10.12688/f1000research.23224.1
0,0,0,0,0,0,0,0,0,0,10.1007/s00359-017-1213-5
0,0,0,0,0,0,0,0,0,0,10.1055/a-0582-9020
0,0,0,0,0,0,0,0,0,1,10.1002/ccd.27252
0,0,0,0,0,0,0,0,0,0,10.1038/s41375-019-0599-1
0,0,0,0,0,0,0,0,0,0,10.1007/s00053-019-0378-5
0,2,0,0,0,0,1,0,0,0,10.1111/febs.14603
0,0,0,0,0,0,0,0,0,0,10.1093/jpepsy/jsx079
4,0,0,0,0,0,0,0,0,0,10.1007/s11757-018-0500-5
0,0,0,0,0,0,0,0,1,0,10.1080/21678421.2019.1612922
0,0,0,0,0,0,0,0,0,0,10.1007/s00167-017-4622-7
0,0,0,0,0,0,0,0,0,0,10.1177/0284185117730101
1,0,0,0,0,0,0,0,0,0,10.3389/fpsyt.2020.00245
1,0,1,0,0,0,0,0,0,0,10.1007/s00467-018-4188-8
2,0,0,0,0,0,0,0,0,0,10.1371/journal.pone.0244279
0,0,0,0,0,0,0,0,0,0,10.1055/a-0982-5210
0,0,0,0,0,1,0,0,0,0,10.1111/lcrp.12184
0,0,0,0,0,0,0,0,0,0,10.1007/s11262-017-1522-3
0,0,0,0,0,0,0,0,0,0,10.1515/nf-2017-0048
0,0,0,0,0,0,0,0,0,0,10.1007/s12285-020-00242-w
0,0,0,0,0,0,1,0,0,0,10.1007/s10545-017-0100-0
0,0,0,0,1,0,2,0,0,0,10.3389/fimmu.2020.628923
0,0,0,0,0,0,0,0,0,0,10.1111/pedi.12538
0,0,0,0,0,0,0,0,0,0,10.1557/adv.2019.441
0,0,0,0,0,0,0,0,0,0,10.1111/ddg.13401_g
0,0,0,0,0,0,0,0,0,0,10.1177/0306624X17746292
0,0,0,0,0,0,0,0,1,0,10.1111/ejh.13395
0,0,0,0,0,0,0,0,0,0,10.1080/0284186X.2017.1364869
1,0,0,0,0,0,0,1,0,0,10.1111/bor.12314
0,0,0,0,0,0,0,0,0,0,10.3233/CH-189317
0,0,0,0,0,0,0,0,0,0,10.1002/ccd.28300
0,0,0,0,0,0,0,0,0,0,10.1055/a-0755-2211
0,0,0,0,0,0,0,0,0,0,10.1177/1054773816687443
0,1,0,0,0,0,0,0,0,0,10.1093/gerona/glz188
0,0,0,0,0,0,0,0,0,0,10.1080/02656736.2017.1351627
0,0,0,0,0,0,0,0,2,0,10.1080/13803395.2017.1329408
0,0,0,0,0,0,0,0,0,0,10.1161/HYPERTENSIONAHA.120.16229
0,0,0,0,0,0,0,0,0,0,10.1007/s00270-017-1782-2
0,0,0,0,0,0,2,0,0,0,10.1111/ced.13254
0,0,0,0,0,0,1,0,0,0,10.1371/journal.pone.0207041
0,1,0,0,0,0,0,0,0,0,10.1007/s00059-017-4560-7
0,0,0,0,0,0,0,0,0,0,10.1093/annonc/mdz095.079
0,0,1,0,0,0,0,0,0,0,10.1055/a-1008-9736
0,0,0,0,0,0,0,0,0,0,10.1111/ddg.13773_g
0,0,0,0,0,0,0,0,0,0,10.1055/a-1232-4839
0,2,0,0,0,0,2,0,0,0,10.1074/jbc.RA120.015595
0,0,0,0,0,0,0,0,1,0,10.1056/NEJMoa1805090
0,6,0,0,8,1,1,0,0,0,10.1038/nature25167
1,4,0,1,0,0,2,0,0,0,10.1002/eji.201747244
0,3,0,0,0,0,0,0,0,0,10.1093/infdis/jix485
0,0,0,0,0,0,0,0,1,0,10.1007/s00761-020-00766-x
1,0,0,0,0,0,0,0,0,0,10.1007/s11654-019-0148-4
0,0,0,0,0,0,0,0,0,0,10.1055/a-1119-1796
1,0,0,0,0,1,0,0,0,0,10.3389/fphar.2020.534681
0,5,0,0,0,0,0,0,0,0,10.3390/coatings9070454
0,0,0,0,0,0,0,0,0,0,10.1002/ajmg.a.38562
0,0,0,0,0,0,0,0,0,0,10.1007/s00129-018-4253-1
1,0,1,0,0,0,0,0,0,0,10.1007/s00393-017-0325-1
0,1,0,0,0,2,0,0,0,0,10.1007/s12253-017-0360-x
0,0,0,0,0,0,0,0,0,0,10.5114/wo.2018.82642
0,0,0,0,0,0,0,0,1,1,10.1007/s00108-018-0480-8
0,1,0,0,0,0,1,0,0,0,10.1111/exd.13407
0,0,0,0,0,0,0,0,0,0,10.1055/a-0723-6717
0,0,0,0,0,0,0,0,1,0,10.4088/JCP.17r11693
0,0,0,0,0,0,0,0,0,0,10.1007/s00129-017-4189-x
0,2,0,0,0,0,0,0,0,0,10.1080/13607863.2017.1348467
0,0,0,0,0,0,0,0,0,0,10.1055/s-0038-1657856
0,0,0,0,0,0,0,0,0,1,10.1007/s00761-020-00729-2
0,0,0,0,0,0,0,0,0,0,10.1093/schbul/sbx114
0,0,0,0,0,0,0,0,0,0,10.1007/s00129-020-04623-1
0,0,0,0,0,0,0,0,0,0,10.1007/s00278-020-00456-4
0,1,0,2,0,1,0,0,0,0,10.1177/0271678X17740091
0,1,1,0,0,1,0,0,0,0,10.1126/science.aaq1723
0,0,0,0,0,0,0,0,0,5,10.1183/13993003.01647-2019
1,0,0,0,0,0,0,0,0,0,10.1007/s11553-018-0674-x
0,3,0,0,0,0,0,0,0,0,10.1097/ALN.0000000000002180
0,0,0,0,0,0,0,0,0,0,10.21037/jtd.2019.06.19
0,0,0,0,0,0,0,0,0,0,10.1161/CIRCULATIONAHA.119.042551
0,0,0,0,0,0,4,0,0,0,10.1002/eji.201747187
0,0,0,0,0,0,0,0,0,0,10.1177/0271678X20943823
0,0,0,0,0,0,0,0,0,0,10.1080/23808993.2021.1863781
0,0,0,0,0,0,0,0,0,0,10.1007/s00278-019-0361-1
0,0,0,0,0,0,0,0,2,0,10.1007/s00784-017-2152-9
0,0,0,0,0,0,0,0,0,0,10.1136/bjophthalmol-2017-311254
0,0,0,0,0,0,0,0,0,0,10.1055/a-1126-3903
0,0,0,0,0,0,0,0,0,0,10.1111/ecc.12639
1,0,0,0,0,0,0,0,0,0,10.1161/CIRCOUTCOMES.119.005858
0,2,0,0,0,0,0,0,0,0,10.1002/maco.201709521
0,0,0,0,0,0,0,0,0,0,10.3989/asclepio.2020.01
1,0,0,0,0,0,0,0,0,0,10.1111/all.13303
0,0,0,1,0,0,0,0,0,0,10.1039/c7ja00395a
0,0,0,0,0,0,0,0,0,0,10.1089/neu.2018.6182
0,0,0,2,0,0,1,0,0,0,10.1189/jlb.1AB0617-230R
0,0,0,0,0,0,0,0,0,0,10.1007/s00717-018-0408-7
1,3,0,0,0,0,1,0,0,1,10.1016/j.cels.2017.11.010
0,0,0,0,0,0,0,0,0,0,10.1007/s00063-018-0426-x
0,6,0,0,2,0,1,0,0,1,10.1074/jbc.RA120.014467
0,0,0,0,0,2,1,0,0,0,10.1002/jbio.201700169
0,0,0,0,0,0,0,0,0,1,10.1007/s00772-019-0509-x
0,2,0,0,0,0,0,0,0,0,10.21037/atm-20-7514
0,0,0,0,0,0,0,0,0,0,10.1055/a-0862-0702
0,0,0,0,0,0,0,0,0,0,10.1007/s00063-017-0309-6
0,0,0,0,0,0,0,0,0,0,10.1155/2018/9163285
1,6,0,0,0,0,0,0,0,0,10.1186/s13148-019-0698-x
1,0,0,0,0,0,0,0,0,0,10.1186/s13023-019-1014-8
0,0,0,0,0,0,0,0,0,0,10.1177/1758835919878013
0,3,2,0,0,0,7,0,0,0,10.1016/j.celrep.2019.08.065
0,0,0,0,0,0,0,0,0,0,10.1007/s00167-017-4643-2
0,0,0,0,0,0,0,0,0,0,10.1007/s00063-019-0590-7
0,0,0,0,0,0,0,0,0,0,10.3389/fpsyt.2020.607300
0,1,0,0,0,0,0,0,0,0,10.1016/S0140-6736(20)30750-9
0,0,0,0,0,0,0,0,0,0,10.3233/JPD-161057
0,3,0,0,0,1,1,0,0,0,10.1093/infdis/jix309
0,0,0,0,0,0,0,0,0,0,10.1007/s11192-019-03051-w
0,0,0,0,0,0,0,0,0,0,10.1007/s00761-020-00730-9
0,0,0,0,0,0,0,0,0,0,10.1055/a-0588-6622
0,0,0,0,0,1,0,0,0,0,10.1007/s00330-017-5192-2
0,0,2,0,0,0,0,0,0,0,10.1002/art.40906
0,1,0,0,0,0,1,0,0,0,10.1002/eji.201747191
0,0,0,0,0,0,0,0,0,0,10.1007/s00398-018-0244-8
1,0,0,0,0,0,0,0,0,0,10.1111/ctr.13142
0,1,0,0,0,0,0,0,0,0,10.3201/eid2605.191383
0,1,0,0,0,0,0,0,0,0,10.1007/s00129-020-04665-5
0,0,0,0,0,0,0,0,0,0,10.1007/s00393-020-00768-5
0,0,0,0,0,0,0,0,0,0,10.1007/s00112-019-0738-9
0,0,0,0,0,0,0,0,0,1,10.1111/nan.12432
0,2,0,0,0,0,0,0,0,0,10.3389/fimmu.2020.618327
0,0,0,0,0,0,0,0,0,0,10.1055/a-1116-3953
0,0,0,0,0,0,0,0,0,0,10.1026/1616-3443/a000566
0,0,0,0,0,0,0,0,0,0,10.1007/5584_2017_34
1,0,0,0,0,0,0,0,0,0,10.1055/a-0575-0473
0,2,0,0,0,0,0,0,0,0,10.1080/23311908.2019.1612825
1,0,2,0,0,0,1,0,0,0,10.1016/j.jaci.2018.08.050
1,4,0,0,0,0,1,0,0,0,10.4049/jimmunol.1700712
2,0,0,1,0,0,0,0,0,0,10.1007/s11004-019-09847-z
0,0,0,0,0,0,0,0,0,0,10.1007/s11818-018-0149-5
0,0,0,0,0,0,0,0,0,0,10.1557/adv.2019.433
0,0,0,0,0,0,0,0,0,0,10.1038/s41588-019-0491-y
0,0,0,0,0,0,0,0,0,0,10.1024/0301-1526/a000802
0,0,0,0,0,0,0,0,0,0,10.1057/s41599-020-0477-5
0,0,0,0,0,0,0,0,0,0,10.1111/mmi.13870
0,0,0,0,0,0,0,0,0,0,10.1055/a-0627-8047
0,0,0,0,0,0,0,0,0,0,10.1007/s00277-017-3196-2
0,0,0,0,0,0,0,0,0,0,10.1016/S1474-4422(19)30034-1
0,0,0,0,0,0,0,0,0,0,10.1007/s11046-017-0205-x
0,0,0,0,0,0,0,0,0,0,10.1055/s-0044-100714
0,0,0,0,0,0,0,0,0,0,10.3233/JAD-171096
0,0,0,0,0,0,0,0,0,0,10.3233/CH-190696
0,0,0,0,0,0,0,0,0,0,10.1007/s11377-020-00432-z
0,0,0,0,0,1,0,0,0,0,10.3389/fimmu.2020.613496
0,0,0,0,0,0,0,0,0,0,10.1111/jcpp.12843
0,0,0,0,0,0,0,0,1,0,10.1007/s00398-018-0208-z
0,0,0,0,0,0,0,0,1,0,10.1089/acm.2017.0209
0,0,0,0,0,0,0,0,0,0,10.1007/s00392-017-1179-x
0,0,0,0,0,0,0,0,0,0,10.1007/s12038-019-9923-1
0,1,0,0,0,0,0,0,1,0,10.3390/e20100764
0,0,0,0,0,0,0,0,0,0,10.1007/s00112-020-01096-3
0,0,0,0,0,0,0,0,0,0,10.1007/s11377-019-0323-8
0,0,0,0,0,0,0,0,0,0,10.3414/ME17-01-0021
0,0,0,0,0,0,0,0,0,0,10.1055/s-0042-120542
1,0,0,0,0,0,1,0,0,0,10.1002/eji.201747100
1,0,0,0,0,1,0,0,0,0,10.1126/science.aar5663
0,0,0,0,0,0,0,0,0,0,10.1007/s11136-017-1753-8
0,0,0,0,0,0,0,0,1,0,10.1136/annrheumdis-2017-211682
0,0,0,0,0,0,0,0,0,0,10.1038/mp.2017.44
0,0,0,0,0,0,0,0,0,0,10.1055/s-0043-118656
0,4,0,0,0,1,3,0,0,0,10.1186/s12964-019-0323-9
0,0,0,0,0,0,0,0,0,0,10.5664/jcsm.8192
0,0,0,0,0,4,0,0,0,0,10.2741/4791
0,0,0,0,0,0,0,0,0,0,10.15171/ijhpm.2017.67
0,0,0,0,0,0,0,0,2,0,10.1055/a-0598-3114
0,1,0,0,0,0,0,0,0,0,10.1002/eji.201948124
0,0,0,0,0,0,0,0,0,0,10.2967/jnumed.117.195818
0,0,0,0,0,0,0,0,1,0,10.1007/s00464-017-5912-3
0,0,0,0,0,0,1,0,0,0,10.1212/NXI.0000000000000451
0,0,0,0,0,0,0,0,0,1,10.1111/jcpe.12940
0,0,0,0,0,0,0,0,0,0,10.1503/jpn.170110
0,0,0,0,0,0,0,0,0,0,10.6092/2282-1619/mjcp-2417
0,0,0,0,0,0,0,0,0,0,10.1177/0962280219889080
0,0,1,0,0,0,0,0,0,1,10.1186/s13601-019-0242-2
0,0,0,0,0,0,0,0,0,0,10.1002/jcsm.12388
0,0,0,0,0,0,0,0,0,0,10.2340/00015555-3467
0,0,0,0,0,0,0,0,0,0,10.1007/s11560-018-0230-x
1,0,0,0,0,0,0,0,0,0,10.1002/ehf2.12227
0,0,0,0,0,0,0,0,1,0,10.1007/s40261-017-0611-3
0,0,0,0,0,0,0,0,0,0,10.1055/s-0043-118971
0,0,0,0,0,0,0,0,0,0,10.1007/s10405-018-0197-3
0,0,0,0,0,0,0,0,0,0,10.32383/appdr/116959
0,0,0,0,0,0,0,0,0,0,10.1007/s00296-017-3870-7
0,0,0,0,0,0,0,0,0,0,10.1038/s41588-017-0014-7
0,0,0,0,0,0,0,0,0,0,10.1111/bjh.14965
2,0,0,0,0,0,0,0,0,0,10.1007/s00038-017-0987-0
0,0,0,0,0,0,0,0,0,0,10.5301/ejo.5001072
1,0,1,0,0,0,0,0,0,1,10.1007/s00381-017-3654-0
0,0,0,0,0,0,0,0,0,0,10.1177/0284185117748488
0,0,0,0,0,0,0,0,1,0,10.12892/ejgo4993.2019
0,0,0,0,0,0,0,0,0,1,10.1055/a-0665-6581
0,0,0,0,0,0,0,0,0,0,10.1055/s-0043-118664
0,0,0,0,0,0,0,0,1,0,10.1007/s00103-018-2750-y
0,0,0,0,0,0,0,0,0,0,10.1055/s-0043-120906
0,0,0,0,0,0,0,0,1,0,10.1002/ehf2.12846
1,0,0,0,0,0,0,0,0,0,10.1007/s00038-017-1012-3
0,0,0,0,0,0,0,0,0,0,10.12688/f1000research.17022.1
0,0,0,0,0,0,0,0,0,0,10.3233/JPD-201996
0,0,0,0,0,0,0,0,0,0,10.21037/cdt.2018.10.13
0,0,0,0,7,0,0,0,0,0,10.1152/ajpheart.00249.2019
0,0,0,0,0,0,0,0,0,0,10.1007/s00194-017-0226-2
0,0,0,0,0,0,0,0,0,0,10.1007/s10389-019-01152-7
0,0,0,0,0,0,0,0,0,0,10.1007/s11377-020-00418-x
0,0,0,0,0,0,0,0,0,0,10.1093/annonc/mdz097
0,0,0,0,0,0,0,0,0,0,10.3238/arztebl.2020.0745
0,0,0,0,0,0,0,0,0,0,10.1007/s10389-019-01015-1
1,1,0,0,0,0,4,0,0,0,10.1016/j.jaci.2017.04.041
0,0,0,0,0,0,0,0,0,0,10.1055/a-0972-0914
1,0,0,0,0,0,0,0,0,0,10.1055/s-0043-106725
0,0,0,0,0,0,0,0,0,0,10.1159/000509292
1,0,0,0,0,0,0,0,0,0,10.1111/pedi.12610
0,0,0,0,0,0,0,0,0,0,10.1103/PhysRevResearch.1.033094
0,0,0,0,0,0,0,0,0,0,10.1055/a-0598-9690
0,0,0,0,0,0,0,0,0,0,10.1007/s10049-020-00764-x
0,0,0,0,0,0,0,0,0,0,10.1007/s00112-019-00792-z
0,0,0,0,0,0,0,0,0,0,10.1055/a-1017-3600
0,0,0,0,0,0,0,0,0,0,10.1055/s-0043-124050
0,0,0,0,0,0,0,0,0,0,10.1007/s00761-019-0530-4
0,3,0,0,0,1,0,0,0,0,10.1007/s12035-017-0800-3
0,0,0,0,0,0,0,0,0,0,10.1002/uog.19054
0,0,0,0,0,0,0,0,0,0,10.1007/s13178-020-00477-3
0,1,0,0,0,0,2,0,0,0,10.1080/21695717.2020.1816116
0,3,0,0,0,0,0,0,0,0,10.1093/jmcb/mjaa023
0,0,0,0,0,0,0,0,0,0,10.1007/s11678-019-0525-1
0,0,0,0,0,0,0,0,1,0,10.1002/cpp.2124
0,0,0,0,0,0,0,0,0,0,10.1007/s10405-017-0151-9
0,7,0,0,0,0,0,0,0,0,10.1038/s41418-017-0014-2
0,0,0,0,0,0,2,0,0,0,10.1007/s00221-017-5121-2
0,0,0,0,0,0,0,0,0,0,10.3233/CH-189125
0,0,0,0,0,0,0,0,0,0,10.1007/s12285-018-0180-3
0,0,0,0,0,0,0,0,0,0,10.1111/apha.12925
0,0,0,0,0,0,0,0,0,0,10.1007/s00393-017-0327-z
0,0,0,0,0,0,0,0,0,0,10.1177/2058738420959554
1,0,0,1,0,0,2,0,0,1,10.1136/gutjnl-2016-311816
0,0,0,0,0,0,0,0,0,0,10.1002/ejhf.2018
0,0,0,0,0,0,0,0,0,0,10.1055/s-0043-123940
1,0,0,0,0,0,0,0,0,0,10.1055/s-0038-1667451
0,1,0,0,0,0,0,0,0,0,10.1111/ene.13471
0,1,0,0,0,0,0,0,1,1,10.1007/s00167-016-4407-4
0,0,0,0,0,1,0,0,1,0,10.3390/cancers12030540
0,0,0,0,0,0,0,0,0,0,10.1017/S1047951117001421
0,1,0,0,0,0,0,0,0,0,10.1177/1756286420967847
0,0,0,0,0,0,0,0,0,0,10.1007/s40629-019-0097-z
0,0,0,0,0,0,0,0,1,0,10.1055/a-1266-7381
0,0,0,0,0,0,0,0,0,0,10.1038/s41523-020-0155-1
0,0,0,0,0,0,0,0,0,0,10.1016/S0959-8049(20)30590-6
0,0,0,0,0,0,0,0,1,0,10.3389/fsurg.2020.00039
0,0,0,0,0,0,0,0,0,0,10.1111/jcpe.13189
0,0,0,0,0,0,0,0,0,0,10.1055/a-1296-3444
0,0,0,0,0,0,0,0,0,0,10.1007/s00398-018-0240-z
0,0,0,0,0,0,0,0,0,0,10.1093/eurheartj/suaa160
0,0,0,0,0,0,0,0,0,0,10.1093/eurheartj/ehx450
1,0,1,0,0,0,0,0,1,0,10.1007/s10309-020-00317-9
0,0,0,0,0,0,0,0,0,0,10.1002/jimd.12034
0,0,0,1,0,0,0,0,0,0,10.1007/s00038-017-1000-7
0,0,0,0,0,0,0,0,0,0,10.1016/j.yclnex.2019.02.001
0,0,0,0,0,0,0,0,0,0,10.1007/s12181-020-00399-9
0,0,0,0,0,0,0,0,0,0,10.1016/j.kint.2020.02.010
0,0,0,0,0,1,0,0,1,0,10.1111/ner.12743
0,0,0,0,0,0,0,0,0,0,10.1007/s11192-018-2949-6
0,6,0,0,0,0,0,0,0,0,10.1002/adfm.201803951
0,0,0,0,0,0,0,0,0,0,10.1055/s-0044-100504
0,0,0,0,0,0,0,0,0,0,10.1007/s00103-019-02983-1
0,0,0,0,0,0,0,0,0,0,10.1111/all.13352
1,0,0,0,0,0,0,0,0,0,10.1024/0939-5911/a000534
1,0,0,0,0,0,0,0,0,0,10.1007/s10209-017-0539-7
0,2,0,0,0,0,0,0,0,0,10.1002/admi.202000272
0,0,0,0,0,0,0,0,0,0,10.1159/000508799
0,0,0,0,0,0,0,0,0,0,10.9738/INTSURG-D-16-00041.1
6,0,0,0,0,0,1,0,0,0,10.1016/j.jaci.2017.06.021
0,0,0,0,0,0,0,0,0,0,10.1159/000484140
0,5,1,0,0,0,0,0,0,0,10.1158/1078-0432.CCR-17-1756
0,0,0,0,0,0,0,0,0,0,10.1007/s00278-020-00441-x
0,0,0,0,0,0,0,1,0,0,10.1007/s40664-019-00362-w
0,0,0,0,0,0,1,0,0,0,10.1002/jmri.25702
0,0,0,0,0,0,0,0,0,0,10.1002/1873-3468.13188
0,0,0,0,0,0,0,0,0,1,10.14341/DM10374
2,1,1,0,0,0,0,0,0,0,10.1007/s00393-018-0511-9
0,0,0,1,0,1,0,0,0,0,10.1093/cercor/bhaa383
0,0,0,0,0,0,0,0,0,0,10.1055/a-0884-3168
0,2,0,2,0,0,0,0,0,0,10.1038/s41419-018-0413-4
0,0,0,0,0,0,0,0,0,0,10.1111/all.14302
0,0,0,0,0,0,0,0,1,0,10.1007/s00112-019-0743-z
0,0,0,0,0,0,0,0,0,0,10.1055/s-0043-124025
0,0,0,0,0,0,0,0,0,0,10.1002/jrs.5933
0,0,0,0,0,0,0,0,0,0,10.1007/s00228-017-2385-1
0,0,0,0,0,0,0,0,0,0,10.1177/1933719117715126
0,0,0,0,0,0,0,0,0,0,10.1159/000507692
0,0,0,0,0,0,0,1,0,0,10.3389/fimmu.2020.599104
2,0,0,0,0,1,0,0,0,0,10.1007/s00467-017-3794-1
0,0,0,0,0,0,0,0,0,0,10.1007/s11560-019-0313-3
0,0,0,0,0,0,0,0,0,0,10.1007/s00784-017-2178-z
0,0,0,0,0,0,0,0,0,0,10.1371/journal.pone.0244497
0,0,0,0,0,1,0,0,0,0,10.3389/fimmu.2020.628971
0,2,0,0,0,0,1,0,0,0,10.1002/hbm.25236
0,1,0,0,0,0,0,0,0,1,10.1186/s42466-020-00057-1
0,0,0,0,0,0,0,0,0,0,10.1111/cas.13427
0,0,0,0,0,0,0,0,1,0,10.4088/JCP.16r10749
0,0,0,0,0,1,0,0,0,0,10.1055/a-1205-1380
1,0,0,0,0,0,0,0,1,0,10.5137/1019-5149.JTN.23737-18.2
0,0,0,0,0,0,0,0,0,0,10.1007/s10405-020-00332-7
0,0,0,0,0,0,0,0,0,0,10.1055/s-0043-121341
0,0,0,0,0,0,0,0,0,0,10.1080/15325024.2018.1423867
0,0,0,0,0,0,0,0,1,2,10.1007/s00392-017-1170-6
0,0,0,0,0,0,0,0,0,0,10.1515/jpm-2016-0404
0,0,0,0,0,0,0,0,0,0,10.1038/s41523-020-0154-2
0,0,0,0,0,0,0,0,0,0,10.1055/a-0940-8290
0,0,0,0,0,0,0,0,0,0,10.3390/biom10030432
0,0,0,0,0,0,0,0,0,0,10.1109/TUFFC.2019.2948896
0,0,0,0,0,0,0,0,0,0,10.1113/EP088870
0,1,0,0,0,0,0,0,0,0,10.1007/s00761-019-0539-8
0,0,0,0,0,0,0,0,0,0,10.1515/mks-2020-2034
0,0,0,0,0,0,0,0,0,0,10.3389/fneur.2019.00733
0,0,0,0,0,0,0,0,0,0,10.7326/L20-0327
0,0,0,0,0,0,0,0,1,0,10.1007/s12181-019-0336-z
0,0,0,0,0,0,0,0,0,0,10.1007/s00761-018-0508-7
0,0,0,0,0,0,0,0,0,0,10.3233/CH-189904
0,0,0,0,0,0,2,0,0,0,10.1534/g3.117.300170
0,0,0,0,0,0,1,0,0,0,10.1093/ndt/gfw350
0,0,0,0,0,0,0,0,0,0,10.1136/annrheumdis-2017-212565
0,0,0,0,0,0,0,0,0,0,10.1055/a-0862-0407
0,0,0,0,0,0,0,0,0,0,10.1007/s00106-017-0423-z
0,0,0,0,0,0,0,0,0,0,10.32604/CHD.2020.012097
0,0,0,0,0,0,0,0,0,2,10.1007/s11428-020-00620-z
0,0,0,0,0,0,0,0,0,0,10.1002/admi.202000872
0,0,0,0,0,0,0,0,0,0,10.1093/jcbiol/ruy035
0,0,0,0,0,0,0,0,0,0,10.1055/a-0586-2392
0,0,0,0,0,0,0,0,0,0,10.1007/s00270-017-1769-z
0,0,0,0,0,0,0,0,0,0,10.1055/a-1018-2767
0,0,0,0,0,0,0,0,0,0,10.1007/s00398-018-0275-1
0,0,0,1,0,0,0,0,0,0,10.1002/chem.201704672
0,0,0,0,0,0,0,0,0,0,10.1056/NEJMoa1801174
0,0,0,0,0,0,0,0,0,0,10.3390/brainsci10060375
0,0,0,0,0,0,0,0,0,0,10.1093/ve/vez029
0,0,0,0,0,0,0,0,0,0,10.1159/000489176
0,0,0,0,0,0,0,0,0,0,10.1177/1943387520940180
0,0,0,0,0,0,0,0,0,0,10.1007/s00608-018-0640-z
0,0,0,4,0,2,0,0,0,0,10.3389/fpsyg.2020.576580
0,0,0,0,0,0,0,0,0,0,10.1026/1616-3443/a000560
0,0,0,0,0,0,0,0,0,0,10.3233/CH-190736
0,0,0,0,0,0,0,0,0,0,10.1007/s11757-019-00521-y
0,0,0,0,0,0,0,0,0,0,10.1002/1878-0261.12585
0,0,0,0,0,0,0,0,1,0,10.1024/1662-9647/a000191
0,0,0,0,0,0,0,0,0,0,10.1177/0333102417724152
0,0,0,0,0,1,0,0,1,0,10.1007/s00167-017-4741-1
1,11,0,0,0,0,0,1,0,0,10.1016/j.cell.2018.02.048
0,0,0,0,0,0,0,0,0,0,10.1093/jscr/rjaa307
0,5,0,0,0,1,0,0,0,0,10.1093/ndt/gfx316
0,0,0,0,0,0,0,0,0,0,10.1111/jch.13138
0,0,0,0,0,0,0,0,0,0,10.4003/006.036.0205
0,0,0,0,0,1,0,0,0,0,10.1165/rcmb.2017-0237OC
0,0,0,0,0,0,0,0,0,0,10.1146/annurev-statistics-031219-041104
0,0,0,0,0,0,0,0,0,0,10.1007/s00142-018-0230-x
0,0,0,0,0,0,0,0,0,0,10.1055/a-1164-9696
0,0,0,0,0,0,0,0,0,0,10.1177/1947603518764265
3,0,0,0,0,0,0,0,0,0,10.1080/03007995.2017.1402754
0,0,0,0,0,0,0,0,0,0,10.5093/jwop2020a21
0,0,0,0,0,0,0,0,0,0,10.1007/s11678-019-0520-6
0,0,1,0,0,1,0,0,0,0,10.1055/s-0043-117547
0,0,0,0,0,0,0,0,0,0,10.1186/s13063-020-04501-0
0,0,0,0,0,0,0,0,0,0,10.1038/nrd.2017.162
0,0,0,0,0,0,0,0,0,0,10.1093/europace/eux333
0,1,0,0,0,0,0,0,1,0,10.1016/j.jaci.2017.10.018
0,0,1,0,0,2,0,0,0,0,10.1038/s41375-020-0882-1
0,0,0,0,0,0,0,0,1,0,10.1002/mrm.26983
0,0,0,0,0,0,0,0,0,0,10.1007/s43441-019-00082-6
0,0,0,0,0,0,0,0,0,0,10.1055/a-0682-3030
0,0,0,0,0,1,0,0,0,0,10.1002/mrm.26659
0,0,0,0,0,0,0,0,0,0,10.1103/PhysRevFluids.4.074307
0,0,0,0,0,0,0,0,0,0,10.1111/ddg.13907_g
0,0,0,0,0,0,0,0,0,0,10.1007/s00278-020-00442-w
0,0,0,0,0,0,0,0,0,1,10.1007/s00059-017-4655-1
0,0,0,0,0,0,0,0,0,0,10.1007/s11678-017-0438-9
0,0,0,0,0,0,0,0,0,0,10.3389/fneur.2020.623881
0,0,0,0,0,0,0,0,0,0,10.1007/s00380-017-1041-0
0,0,0,0,0,0,0,0,0,0,10.1111/apa.14182
0,4,0,0,0,2,1,0,0,0,10.1038/mi.2017.52
0,0,0,0,0,0,0,0,0,0,10.1007/s00414-017-1703-6
0,0,0,0,0,0,0,0,0,0,10.1038/nrgastro.2017.166
0,0,0,0,0,0,0,0,0,0,10.1088/1361-6439/ab70c0
0,0,0,0,0,0,0,0,0,1,10.1055/a-0802-8882
0,0,0,0,0,0,0,0,0,0,10.1038/s41591-020-0868-6
0,4,0,0,0,0,0,0,0,0,10.1002/JLB.MA0318-115R
0,0,0,0,0,0,0,0,0,0,10.1159/000495764
0,0,0,0,0,0,0,0,0,0,10.1080/13696998.2017.1419959
0,0,0,0,0,0,1,0,0,0,10.1038/s41598-019-42239-1
0,0,0,0,0,0,0,0,0,0,10.1007/s11678-020-00579-9
0,4,0,0,0,0,0,0,0,0,10.1101/lm.045948.117
0,0,0,0,0,0,0,0,0,1,10.1055/s-0043-118963
0,0,0,0,0,0,0,0,0,2,10.1145/3388926
0,0,0,0,0,0,0,0,0,0,10.1055/a-0575-0557
0,0,0,0,0,0,0,0,0,0,10.1016/S1474-4422(18)30403-4
0,4,0,0,1,0,5,0,0,0,10.1002/advs.202002500
0,0,0,0,0,0,0,0,0,0,10.1007/s00278-020-00420-2
0,0,0,0,0,0,0,0,0,0,10.1055/a-1162-4919
1,0,0,0,0,2,0,0,0,0,10.1007/s00113-017-0424-0
0,0,0,0,0,0,0,0,0,0,10.1024/1016-264X/a000293
0,1,0,0,0,0,0,0,0,0,10.1002/ajmg.b.32700
0,0,0,0,0,0,0,0,0,2,10.1007/s11678-018-0480-2
0,0,0,0,0,0,0,0,1,0,10.1136/rmdopen-2019-001108
1,0,0,0,0,0,0,0,0,0,10.3389/fimmu.2019.01413
0,0,0,0,0,0,0,0,0,0,10.1055/a-0852-5821
0,0,0,0,0,0,0,0,0,0,10.1177/1079063215620397
0,0,0,0,0,0,0,0,0,0,10.1055/a-0630-0412
0,0,0,0,0,0,0,0,0,0,10.3389/fneur.2020.610614
0,0,0,0,0,0,0,0,0,0,10.1007/s12325-019-01133-y
0,0,0,0,0,0,0,0,0,0,10.1159/000489099
0,0,0,0,0,0,0,0,0,0,10.1007/s00278-020-00466-2
0,2,0,0,2,0,1,0,0,0,10.1080/15548627.2020.1856493
0,0,0,0,0,0,0,0,0,0,10.1007/s12285-020-00260-8
0,0,0,0,0,0,0,0,0,0,10.1136/neurintsurg-2017-013454
0,2,0,0,0,0,2,0,0,0,10.1016/j.celrep.2018.03.088
0,0,0,0,0,0,0,0,1,0,10.1177/2048872615604119
2,0,0,0,0,0,0,0,0,0,10.1007/s10554-017-1280-2
0,0,0,0,0,0,0,0,0,0,10.3390/cancers12102947
0,2,0,0,0,0,0,0,0,0,10.1002/adfm.202000400
0,0,0,0,0,0,0,0,0,0,10.1016/j.jhepr.2019.02.004
1,1,0,1,0,3,0,0,0,0,10.1093/database/baz085
0,0,0,0,0,0,0,0,0,0,10.1055/a-0750-2786
0,1,0,0,0,2,1,0,0,1,10.1080/09537104.2017.1386297
1,1,1,0,0,0,0,0,0,0,10.1007/s00038-017-1006-1
3,1,0,1,0,0,0,0,0,0,10.1016/S0140-6736(19)30841-4
0,0,0,0,0,0,0,0,0,0,10.1016/j.jcf.2017.11.008
0,0,0,0,0,0,0,0,0,0,10.1111/tri.13627
0,0,0,0,0,0,0,0,0,0,10.1159/000481773
0,0,0,0,0,0,0,0,0,2,10.1093/eurheartj/ehx478
0,0,0,0,0,0,0,0,0,0,10.1038/tpj.2017.14
0,0,0,0,0,0,0,0,0,0,10.1161/CIRCULATIONAHA.118.038840
0,0,0,0,0,1,0,0,0,0,10.1159/000507377
0,0,0,0,0,0,0,0,0,0,10.1159/000477903
0,0,0,0,0,1,0,0,0,0,10.1038/s42005-017-0003-2
0,0,0,0,0,0,0,0,0,0,10.1007/s00337-018-0405-6
0,0,0,0,0,0,0,0,0,1,10.1007/s12254-020-00572-6
0,0,0,0,0,0,0,0,0,3,10.1093/ejcts/ezx314
0,1,0,0,0,1,0,0,0,0,10.1007/s00296-017-3874-3
0,0,0,0,0,0,0,0,0,1,10.1089/3dp.2017.0140
0,0,0,0,0,2,4,0,0,0,10.1111/apt.14808
0,0,0,0,0,0,0,0,0,0,10.1007/s00402-017-2856-y
1,5,1,0,0,0,0,0,0,0,10.1057/s41599-019-0275-0
0,0,0,0,1,3,1,0,0,0,10.1038/s41467-019-13627-y
0,0,0,0,0,0,0,0,0,0,10.1155/2018/8613948
0,0,0,0,0,2,0,0,0,0,10.1007/s00701-017-3397-4
0,0,0,0,0,0,0,0,0,0,10.1155/2018/1365175
0,0,0,0,0,0,0,0,0,0,10.1007/s00436-017-5720-7
0,0,0,0,0,0,0,0,0,0,10.1038/s41531-018-0073-1
0,0,0,0,0,0,0,0,0,0,10.1002/ejhf.1100
0,0,0,0,0,0,0,0,0,0,10.1055/a-1155-8689
0,2,0,1,0,1,0,0,0,0,10.1038/onc.2017.325
0,0,0,0,0,0,0,0,0,0,10.1557/adv.2018.602
0,0,0,0,0,0,0,0,0,0,10.1007/s00134-017-4992-9
1,0,0,0,0,0,0,0,0,0,10.1111/all.13355
0,0,0,0,0,0,0,0,0,0,10.1007/s11678-020-00618-5
0,0,0,0,0,0,0,0,0,0,10.1159/000481880
0,0,0,0,0,0,0,0,0,0,10.1111/apha.13096
1,0,0,0,0,0,0,0,0,0,10.21037/apm.2017.07.05
0,0,0,0,0,0,0,0,0,0,10.1002/sim.7531
0,0,0,0,0,0,0,0,0,0,10.1055/s-0043-118799
0,0,0,0,0,0,0,0,0,0,10.1007/s00003-019-01215-7
0,0,0,0,0,2,0,0,0,0,10.1055/s-0043-118602
0,0,0,0,0,1,0,0,0,0,10.1111/all.13345
0,2,0,0,0,0,0,0,0,0,10.1002/jmri.25741
0,1,0,0,0,0,0,0,0,0,10.1557/adv.2019.402
1,0,0,0,0,0,0,0,0,0,10.1634/theoncologist.2017-0255
0,1,0,0,0,0,0,0,1,0,10.1080/10503307.2017.1380862
0,0,0,0,0,0,0,0,0,0,10.1111/jopr.12583
0,0,0,0,0,0,0,0,0,0,10.3233/CH-199238
1,0,0,0,0,0,0,0,0,0,10.1186/s12885-018-4032-3
1,0,0,0,0,0,0,0,0,0,10.1055/s-0043-118791
0,0,0,0,0,0,0,0,0,0,10.1055/a-0642-8767
0,0,0,0,0,0,0,0,0,0,10.1007/s00481-018-0476-x
0,0,0,0,0,0,0,0,0,0,10.1111/ner.12626
0,0,0,0,0,0,0,0,0,1,10.1002/ajmg.b.32593
0,0,0,0,0,0,0,0,0,0,10.1093/rheumatology/kex182
2,0,0,0,0,0,0,0,0,0,10.1007/s11757-018-00511-6
0,0,0,0,0,0,0,0,0,0,10.1007/s00401-018-1808-0
0,0,0,0,0,0,0,0,0,3,10.1002/ejhf.1741
0,0,0,0,0,0,0,0,0,0,10.1055/a-1207-0766
0,0,0,0,0,1,0,0,0,0,10.1002/bab.1608
0,0,0,0,0,0,0,0,0,0,10.21037/jtd.2018.12.84
0,0,0,0,0,0,0,0,0,0,10.1007/s00115-017-0326-y
0,0,0,0,0,0,0,0,0,0,10.1021/acs.macromol.8b00322
0,0,0,0,0,1,0,0,0,0,10.1093/ehjci/jex190
0,0,0,0,0,0,0,0,0,0,10.1111/pai.12833
0,0,0,0,0,0,0,0,0,0,10.1080/19012276.2017.1381036
0,1,0,0,0,0,0,0,0,0,10.1515/iss-2018-0008
0,1,0,0,0,1,0,0,0,0,10.1002/term.2410
0,0,0,0,0,2,0,0,0,0,10.1007/s00184-019-00729-2
0,0,0,0,0,1,0,0,0,0,10.1080/15622975.2016.1262061
0,0,0,0,0,0,0,0,0,0,10.1017/S1047951117002311
0,0,0,0,0,0,0,0,0,0,10.3389/fimmu.2020.588315
0,0,0,0,0,0,0,0,0,0,10.1007/s11678-020-00566-0
0,0,0,0,0,0,0,0,0,1,10.1111/isj.12268
0,0,0,0,0,0,0,0,0,0,10.1515/nf-2017-A048
0,1,0,0,0,0,0,0,0,0,10.1002/ejhf.823
0,0,0,0,0,1,0,0,0,0,10.1111/echo.13745
0,0,0,0,0,0,0,0,0,0,10.1093/europace/eux010
0,0,0,0,0,0,0,0,0,0,10.1080/08927022.2019.1610949
0,1,0,0,0,0,0,0,0,1,10.1080/13813455.2020.1846204
1,2,0,0,0,0,0,0,0,0,10.1093/cercor/bhaa147
0,0,0,0,0,0,0,0,0,0,10.1007/s15007-019-1847-4
0,2,0,0,0,0,0,0,0,0,10.1503/jpn.170026
0,0,0,0,0,3,0,0,0,0,10.1007/s00417-017-3852-1
0,0,0,0,0,0,0,0,0,0,10.1002/art.41610
0,1,0,0,0,0,0,0,0,0,10.1038/mp.2016.198
1,0,0,0,0,1,0,0,1,0,10.1055/a-1022-6373
0,0,0,0,0,0,0,0,1,0,10.1111/eip.12433
0,0,0,0,0,1,0,0,1,0,10.1212/NXI.0000000000000423
1,1,0,0,0,0,0,0,0,0,10.2217/fnl-2020-0012
0,0,0,0,0,0,0,0,0,0,10.1055/a-1133-9374
0,0,0,0,0,0,0,0,0,0,10.1111/jdv.14624
0,0,0,0,0,0,0,0,0,1,10.1007/s00142-019-0288-0
0,0,0,0,0,0,0,0,0,0,10.1080/10428194.2017.1365851
0,0,0,0,0,0,0,0,0,1,10.1007/s10039-019-00446-z
1,0,0,0,0,0,0,0,0,1,10.2147/COPD.S267409
0,0,0,0,0,0,0,0,1,0,10.1111/ejh.12994
0,2,0,0,0,0,0,0,0,0,10.1038/s41375-020-0816-y
0,0,0,0,0,0,0,0,0,0,10.1080/15622975.2017.1372628
0,0,0,0,0,0,1,0,0,0,10.1002/cyto.a.23781
0,0,0,0,0,0,0,0,0,0,10.2217/fvl-2020-0170
0,0,0,0,0,0,0,0,0,0,10.1177/0959354319867392
0,0,0,0,0,0,0,0,0,0,10.1055/a-1153-3702
0,1,0,0,0,0,0,0,0,0,10.1002/mds.27238
0,4,0,0,0,0,1,0,0,0,10.1128/IAI.00849-17
0,0,0,0,0,0,0,0,0,0,10.1007/s00115-017-0403-2
0,0,0,0,0,0,0,0,0,0,10.3389/fpsyt.2020.569912
0,0,0,0,0,0,0,0,0,0,10.1007/s00115-017-0464-2
0,0,0,0,0,0,0,0,0,0,10.1080/10400435.2017.1352051
0,0,0,1,0,0,6,0,0,0,10.1093/neuonc/nox165
0,0,0,0,0,0,0,0,0,0,10.1111/bjh.16389
0,0,0,0,0,0,0,0,0,0,10.1055/a-0868-3360
0,0,0,1,0,0,0,0,0,0,10.1007/s12253-017-0240-4
1,0,0,0,0,0,0,0,0,0,10.1093/gerona/glx074
0,0,0,2,0,0,0,0,0,0,10.1016/S1474-4422(18)30499-X
0,2,0,0,0,0,0,0,0,0,10.1093/ejcts/ezx396
2,0,0,0,0,0,0,0,1,0,10.1177/1087054717720718
0,0,0,0,0,1,0,0,1,0,10.1159/000486672
0,5,0,0,0,2,0,0,0,0,10.1158/0008-5472.CAN-17-2129
0,0,0,0,0,0,0,0,0,0,10.1093/molbev/msz150
0,0,0,0,0,0,0,0,1,0,10.1055/a-0713-0694
0,0,0,0,0,1,0,0,0,0,10.1111/ane.12859
0,0,0,0,0,0,0,0,0,0,10.1111/ddg.13481
0,0,0,0,0,0,0,0,0,0,10.1055/s-0043-125342
0,1,0,0,0,0,0,0,0,0,10.1557/adv.2019.422
0,0,0,0,0,0,0,0,0,1,10.1007/s00391-020-01802-6
0,0,0,0,0,0,0,0,0,0,10.1161/STROKEAHA.118.023092
0,0,0,0,0,0,0,0,0,0,10.1055/s-0038-1641679
0,0,0,0,0,0,0,0,0,0,10.1192/bjp.2018.54
1,0,0,1,0,1,0,0,0,0,10.1186/s12916-020-01552-7
1,0,0,0,0,0,1,0,0,0,10.1111/all.14536
0,0,0,0,0,0,0,0,0,0,10.1038/s41391-017-0011-z
0,0,0,0,0,0,0,0,0,0,10.3238/arztebl.2020.0775
0,0,0,0,0,0,0,0,0,0,10.3168/jds.2017-13508
0,0,0,0,0,0,0,0,0,0,10.1055/a-1213-8999
0,0,0,0,0,0,0,0,0,0,10.1002/icd.2166
0,0,0,0,0,0,0,0,0,0,10.1515/nf-2018-0034
0,0,0,0,0,0,0,0,0,0,10.1007/s00112-020-00876-1
0,0,0,0,0,0,0,0,0,0,10.1161/CIRCEP.117.005925
0,0,0,0,0,0,0,0,2,0,10.1111/all.13213
0,2,0,0,0,0,0,0,0,0,10.1038/mp.2017.52
2,0,0,0,0,1,0,0,0,0,10.1007/s00347-017-0598-4
0,0,0,0,0,0,0,0,0,0,10.1200/PO.18.00098
0,0,0,0,0,0,0,0,0,0,10.1002/acr.23317
0,2,0,0,0,0,0,0,0,0,10.1039/c7nr04480a
0,0,0,0,0,0,0,0,0,0,10.1055/a-0697-6585
0,0,0,0,0,0,0,0,0,0,10.1007/s12181-019-0335-0
0,1,0,0,0,0,0,0,0,0,10.1007/s00761-018-0344-9
0,6,0,0,0,0,0,0,0,0,10.3389/fphys.2020.550506
0,0,0,0,0,0,0,0,0,0,10.1183/23120541.00625-2020
0,3,0,0,0,0,0,0,0,0,10.1242/jeb.171819
0,4,0,0,0,0,0,0,0,0,10.2337/db17-0982
0,1,0,0,0,3,2,0,0,0,10.1093/ndt/gfx206
1,0,0,0,0,0,0,0,0,0,10.1055/s-0043-116859
0,0,0,0,0,0,0,0,0,7,10.1007/s00101-020-00868-6
0,0,0,0,0,3,0,0,0,0,10.1177/0271678X17743876
0,0,0,0,0,0,0,0,0,0,10.1055/s-0043-108085
0,0,0,0,0,0,0,0,0,0,10.1055/s-0029-1240915
0,0,0,0,0,0,0,0,0,0,10.1007/s00108-017-0350-9
3,0,0,0,0,0,0,0,0,0,10.1007/s00701-018-3761-z
2,0,0,0,0,0,0,0,0,0,10.1093/cid/ciaa696
0,0,0,0,0,0,0,0,0,1,10.1515/jpm-2017-0029
0,0,0,0,0,0,0,0,1,0,10.1007/s11560-019-00374-w
0,0,0,0,0,0,0,0,0,0,10.1007/s00391-017-1187-5
0,0,0,0,0,0,0,0,2,1,10.20344/AMP.13777
0,0,0,0,0,0,0,0,0,0,10.1055/a-0626-7317
0,0,0,0,0,0,0,0,0,0,10.1080/23279095.2017.1392962
0,0,0,0,0,0,0,0,0,0,10.1002/lary.26775
0,0,0,0,0,0,0,0,0,0,10.1007/s11654-020-00222-7
0,1,0,0,0,0,0,0,0,0,10.1002/mabi.202000221
0,0,0,0,0,0,0,0,0,0,10.1186/s13039-020-00500-7
1,0,0,0,0,0,0,0,0,0,10.3390/brainsci10060399
0,0,0,0,0,0,0,0,0,0,10.1093/europace/euz055
1,0,0,0,0,0,0,0,0,0,10.1136/neurintsurg-2017-013319
0,8,0,0,0,0,0,0,0,0,10.1523/JNEUROSCI.1412-17.2017
0,0,0,0,0,0,0,0,0,0,10.1093/shm/hkz011
1,1,0,0,0,0,0,0,0,0,10.1158/1078-0432.CCR-17-2410
0,0,0,0,0,0,0,0,0,0,10.1055/a-0832-5767
1,2,0,1,0,0,0,0,0,0,10.1126/sciadv.aav7903
0,0,0,0,0,0,0,0,0,0,10.1055/a-0598-8462
0,0,0,0,0,0,0,0,0,0,10.1136/jmedgenet-2017-105020
1,0,0,0,0,0,0,0,0,0,10.1158/1078-0432.CCR-17-2180
0,0,0,0,0,0,0,0,0,0,10.1007/s00330-017-5195-z
1,0,0,0,0,0,0,0,1,0,10.1007/s11678-019-0507-3
0,0,0,0,0,0,0,0,0,0,10.1111/eje.12278
0,0,0,0,0,0,0,0,0,0,10.1080/21645515.2019.1605817
0,0,0,0,0,1,0,0,1,0,10.2967/jnumed.117.199760
0,0,0,0,0,1,0,0,0,0,10.3389/fneur.2020.00285
0,0,0,0,0,0,0,0,1,4,10.1093/annonc/mdz062
0,0,0,0,0,0,0,0,0,0,10.1055/a-0832-7023
0,0,0,0,1,0,1,0,0,0,10.3389/fcimb.2020.602836
0,0,0,0,0,0,0,0,0,0,10.2340/00015555-3427
0,0,0,0,0,0,0,0,0,0,10.1093/annonc/mdz154
0,0,1,0,0,0,0,0,0,2,10.1007/s00761-020-00875-7
0,0,0,0,0,0,0,0,0,0,10.1002/mrm.26769
0,0,0,0,0,0,0,0,0,0,10.1111/all.13238
0,0,0,0,0,0,0,0,0,0,10.1111/clr.13592
0,0,0,0,0,0,0,0,0,0,10.1007/s10405-020-00333-6
0,0,0,0,0,0,0,0,1,0,10.1055/a-0682-3055
0,0,0,0,0,0,0,0,0,0,10.1055/s-0043-119897
0,0,0,0,0,0,0,0,0,0,10.1016/j.jtcvs.2017.08.022
0,0,0,0,0,0,0,0,0,0,10.1111/ajt.14537
0,0,0,0,0,1,0,0,0,0,10.1007/s00701-017-3416-5
0,0,0,0,0,0,0,0,1,1,10.1515/jpm-2016-0341
0,0,0,0,0,0,0,0,1,0,10.1055/a-0666-5995
0,1,0,1,0,0,0,0,0,0,10.1039/c8tb00922h
0,0,0,0,0,0,0,0,0,0,10.1055/s-0038-1673537
0,0,0,0,0,0,0,0,0,0,10.1055/a-0636-2735
1,0,0,0,0,1,0,0,1,1,10.1093/ehjci/jex185
0,0,0,0,0,0,0,0,0,0,10.1007/s00761-018-0382-3
1,0,0,0,0,0,0,0,0,1,10.1002/acr.23292
0,0,0,0,0,0,2,0,0,0,10.1126/sciadv.aaw1567
0,0,0,0,0,0,0,0,0,0,10.1055/a-1287-4736
0,1,0,0,0,0,0,0,0,0,10.1055/s-0043-118482
0,0,0,0,0,5,0,0,0,1,10.1007/s00441-019-03145-0
0,0,0,0,0,0,0,0,1,0,10.1007/s11678-019-0513-5
0,0,0,0,0,1,0,0,0,0,10.1007/s00167-017-4706-4
0,0,0,0,0,0,0,0,0,0,10.1007/s11678-020-00576-y
0,0,0,0,0,0,0,0,0,0,10.1111/jcpp.12979
0,1,0,0,0,0,0,0,0,0,10.1111/all.13339
0,0,0,0,0,0,0,0,0,0,10.1055/a-1202-2157
0,0,0,0,0,0,0,0,0,0,10.3233/CH-190775
0,0,0,0,0,0,0,0,0,0,10.1007/s40265-020-01256-5
0,0,0,0,0,0,0,0,0,0,10.1026/0942-5403/a000312
1,0,0,0,0,0,0,0,1,0,10.1007/s00761-018-0388-x
0,0,0,0,0,0,0,0,0,0,10.1021/acs.cgd.0c00259
0,1,0,0,0,0,2,0,1,0,10.1136/jnnp-2017-317101
2,0,0,0,0,0,0,0,0,0,10.1108/TPM-10-2016-0043
0,0,0,0,0,0,0,0,0,0,10.3390/econometrics8020026
0,0,0,0,0,0,0,0,0,0,10.1055/s-0043-106294
1,0,0,1,0,0,0,0,0,1,10.1186/s13321-020-00422-x
0,0,0,0,0,0,0,0,0,0,10.1002/ejhf.1784
1,0,0,0,0,0,0,0,0,0,10.1007/s00784-017-2256-2
0,0,2,0,0,0,0,0,0,1,10.3390/jcm9072168
0,0,0,0,0,0,0,0,0,0,10.1055/a-0719-5448
0,0,0,0,0,0,0,0,0,0,10.1055/s-0043-118410
0,0,0,0,0,0,0,0,0,0,10.23876/j.krcp.20.393
0,0,0,0,0,0,0,0,0,0,10.1080/14728222.2018.1409724
0,0,0,0,0,0,0,0,0,0,10.3390/children7110198
0,0,0,0,0,0,0,0,0,0,10.1055/a-0792-0986
0,0,0,0,0,0,0,0,0,0,10.2340/00015555-3296
1,1,0,0,0,0,0,0,0,1,10.1002/spe.2812
1,0,0,0,0,1,0,0,0,0,10.1159/000504682
0,0,0,0,0,0,0,0,0,0,10.1007/s11757-019-00573-0
0,0,0,0,0,0,0,0,0,0,10.12854/erde-149-54
0,0,0,0,0,0,0,0,0,0,10.1093/europace/eux031
0,0,0,0,0,0,0,0,0,0,10.1111/dom.13104
0,1,0,0,0,0,0,0,0,0,10.1111/pedi.12618
1,0,0,2,0,0,0,0,1,0,10.1038/s41598-018-20855-7
1,0,0,1,0,0,0,0,1,0,10.1007/s00482-017-0258-2
0,4,0,0,0,0,1,0,0,0,10.1126/sciimmunol.aar6676
0,0,0,0,0,0,0,0,0,0,10.1111/tri.13041
1,0,0,0,0,1,0,0,0,0,10.1016/S0140-6736(20)30045-3
0,0,0,0,0,0,0,0,1,0,10.1001/jamanetworkopen.2019.8898
0,4,0,0,0,0,0,0,0,0,10.3389/fphys.2019.00239
4,0,3,0,0,0,0,0,0,0,10.1016/S0140-6736(20)30608-5
0,1,0,0,0,0,0,0,0,0,10.1002/term.2517
0,0,0,0,0,3,0,0,0,0,10.1089/ten.tea.2019.0310
1,0,0,0,3,0,1,0,0,0,10.1038/s41593-019-0418-Z
0,0,0,0,0,0,0,0,0,0,10.1007/s00398-020-00364-4
0,0,0,0,0,1,0,0,0,0,10.1159/000479027
0,0,0,0,0,0,0,0,0,0,10.1515/mks-2020-2058
0,0,0,0,0,0,0,0,0,0,10.1557/mrc.2019.21
1,0,0,0,0,0,0,0,0,0,10.3389/fneur.2019.01086
0,0,0,0,0,0,0,0,1,0,10.1007/s00167-017-4520-z
0,0,0,0,0,0,0,0,0,0,10.1007/s00404-017-4574-7
0,2,0,0,5,0,1,0,0,0,10.1126/sciimmunol.aaw0336
0,0,0,0,4,0,1,0,0,0,10.3389/fimmu.2020.628287
0,1,0,0,0,0,3,0,0,0,10.1089/ten.tec.2019.0105
1,1,0,0,0,0,0,0,0,0,10.1007/s00228-017-2351-y
0,0,0,0,0,0,0,0,0,0,10.1007/s00347-017-0626-4
0,0,0,0,0,0,0,0,0,1,10.1002/cpt.805
1,0,1,0,0,0,0,0,1,0,10.1016/j.jjcc.2017.06.007
0,0,0,0,0,0,0,0,0,0,10.1007/s11428-020-00621-y
0,0,0,0,0,0,0,0,0,0,10.3233/CH-189418
0,0,0,0,0,0,0,0,0,0,10.1002/jcu.22689
1,0,0,0,0,0,0,0,0,0,10.1001/jamacardio.2019.3355
0,0,0,0,0,0,0,0,0,0,10.1007/s00142-020-00416-9
0,0,0,0,0,0,0,0,0,0,10.1007/s00414-017-1664-9
0,0,0,0,0,0,0,0,0,0,10.1093/ons/opx141
0,0,0,1,0,0,0,0,0,0,10.1055/s-0042-108644
0,0,0,0,0,0,3,0,0,0,10.1371/journal.pone.0244504
2,0,0,0,0,0,0,0,0,0,10.12688/f1000research.26707.1
1,0,0,0,0,0,0,0,0,0,10.1055/a-0643-2328
0,0,0,0,0,0,0,0,0,0,10.1017/S0963180118000142
0,0,0,0,0,0,0,0,0,0,10.1159/000486512
0,0,0,0,0,0,0,0,0,1,10.1186/s13601-018-0221-z
0,0,0,0,0,0,0,0,0,0,10.1055/a-1165-7071
0,0,0,0,0,0,0,0,0,0,10.1183/13993003.00339-2019
0,0,0,0,0,0,0,0,0,0,10.1177/1029864917733035
0,0,0,0,0,0,0,0,0,0,10.1002/jcu.22815
0,0,0,0,0,0,0,0,0,0,10.1007/s10304-017-0163-x
2,0,0,0,0,0,0,0,1,0,10.1007/s10049-017-0394-3
0,0,0,0,0,0,0,0,0,0,10.1038/s41409-020-0849-x
0,0,0,0,0,0,0,0,0,0,10.1055/a-1126-4676
0,0,0,0,0,0,0,0,0,0,10.1177/2471549218792370
0,0,0,0,0,0,0,0,0,0,10.1055/a-0651-8174
0,0,0,0,0,0,2,0,0,0,10.3389/fimmu.2020.607918
0,0,0,0,0,0,0,0,0,0,10.1002/micr.30669
0,0,0,0,0,0,0,0,0,0,10.1007/s00129-018-4203-y
0,0,0,0,0,0,0,0,1,0,10.3389/fnut.2019.00069
0,0,0,0,0,0,0,0,0,0,10.1055/s-0029-1240917
0,0,0,0,0,0,0,0,0,0,10.3389/fcvm.2020.563448
0,0,0,0,0,0,0,0,0,1,10.1007/s12181-020-00389-x
0,0,1,0,0,0,0,0,1,0,10.1093/neuros/nyx420
0,0,0,0,0,0,0,0,0,0,10.1007/s00347-017-0475-1
1,5,0,0,0,0,0,0,0,0,10.1038/mp.2017.63
0,0,0,0,0,0,0,0,0,0,10.1007/s00053-019-0362-0
0,0,0,0,0,0,0,1,0,0,10.1137/18M1201160
0,0,0,0,0,0,0,0,0,0,10.1055/a-0949-3764
0,0,0,0,0,0,0,0,0,0,10.1024/1422-4917/a000602
0,0,0,0,0,0,0,0,0,0,10.1055/a-1006-5952
0,0,0,0,0,0,0,0,0,0,10.1002/nop2.678
0,0,0,0,0,0,0,0,0,0,10.1055/a-1284-6036
0,0,0,0,0,0,0,0,2,0,10.1007/s00142-018-0240-8
0,0,0,0,0,1,0,0,0,0,10.1007/s10439-017-1934-1
0,0,0,0,0,0,0,0,0,0,10.3390/ijns4040039
0,0,0,0,0,0,0,0,0,0,10.1080/13607863.2017.1396577
0,0,0,0,0,0,0,0,0,0,10.1007/s40629-020-00125-7
0,0,0,0,0,0,0,0,0,1,10.1007/s10405-019-0266-2
0,0,0,0,0,0,0,0,1,0,10.1136/bjophthalmol-2017-310156
0,0,0,0,0,1,0,0,1,0,10.1007/s00784-017-2112-4
0,0,0,0,0,0,0,0,0,0,10.1089/neu.2019.6808
0,0,0,0,0,0,0,0,0,0,10.1007/s12410-019-9493-5
0,0,0,0,0,0,0,0,4,0,10.1111/jdv.14888
0,3,0,0,0,0,0,0,0,0,10.1073/pnas.1706587115
1,1,0,0,0,0,0,0,1,0,10.1136/annrheumdis-2016-210456
0,0,0,0,0,0,1,0,0,0,10.1111/apha.13006
0,3,0,0,0,2,0,0,0,0,10.1681/ASN.2017030353
0,0,0,0,0,0,0,0,0,0,10.1055/a-0584-5717
0,0,0,0,0,1,0,0,0,0,10.1007/s00066-017-1247-1
0,0,0,0,0,0,0,0,0,0,10.1177/2048872617708973
0,0,0,0,0,0,0,0,0,0,10.1111/joa.13058
1,0,0,0,0,0,0,0,0,0,10.1111/ane.12881
0,0,0,0,0,0,0,0,0,1,10.1055/a-0605-7652
1,0,0,0,0,0,0,0,0,0,10.1038/s41598-019-43292-6
0,0,0,0,0,0,0,0,0,1,10.1002/jbio.201600257
0,1,0,0,0,0,0,0,0,0,10.1021/acsabm.8b00191
0,0,0,0,0,0,0,0,0,1,10.1111/2041-210X.13497
0,1,0,0,0,0,0,0,0,0,10.1002/term.2383
0,0,0,0,0,0,0,0,0,0,10.1055/a-0824-0861
0,5,0,0,0,0,5,0,0,0,10.1016/j.ebiom.2020.102908
0,0,0,1,0,0,0,0,0,0,10.3390/v12101157
0,0,0,0,0,3,0,0,0,0,10.1111/ceo.12998
0,1,0,0,0,0,0,0,0,0,10.1089/ten.tec.2017.0532
0,0,0,0,0,0,0,0,1,0,10.1002/ejp.1145
0,0,0,0,0,0,0,0,0,0,10.1111/all.14065
0,0,0,0,0,0,0,0,0,0,10.1515/pp-2018-0114
0,0,0,0,0,0,0,0,0,0,10.1136/annrheumdis-2020-218915
0,0,0,0,0,0,0,0,0,0,10.1038/s41582-018-0074-Z
0,1,0,0,0,0,0,0,2,0,10.1111/aos.13381
0,0,0,0,0,0,0,0,0,0,10.1128/AAC.01521-17
0,0,0,0,0,0,0,0,0,1,10.1093/eurheartj/suaa184
0,0,0,0,0,0,0,0,0,0,10.1089/jwh.2019.8113
0,0,0,0,0,0,0,0,0,0,10.1093/ndt/gfz011
0,0,0,0,0,0,0,0,0,0,10.1007/s11612-018-0406-x
0,0,0,0,0,0,0,0,0,0,10.1093/annonc/mdz063.071
0,0,0,0,0,0,0,0,0,0,10.3389/fphar.2020.580656
1,1,0,0,0,0,0,0,0,0,10.1038/mp.2017.77
0,0,0,0,0,0,0,0,0,0,10.3233/JAD-170705
0,0,0,0,0,0,0,0,0,0,10.1007/s10741-017-9657-9
0,0,0,0,0,0,0,0,0,0,10.1177/1708538117714401
0,0,0,1,0,1,0,0,0,0,10.1016/S0140-6736(18)32281-5
3,0,1,0,0,0,0,0,1,0,10.1161/CIRCEP.118.006841
0,0,0,0,0,0,0,0,0,0,10.1055/s-0043-121023
0,0,0,0,0,0,0,0,1,0,10.3389/fpsyt.2020.561790
0,0,0,0,0,0,0,0,1,0,10.32614/RJ-2019-051
0,0,0,0,0,1,0,0,0,0,10.1002/mrm.26892
2,3,0,0,0,0,0,0,0,0,10.2807/1560-7917.ES.2018.23.16.17-00454
0,0,0,0,0,0,0,0,0,2,10.1007/s11818-020-00257-6
0,0,0,0,0,0,0,0,0,1,10.1007/s00062-017-0651-3
0,0,0,0,0,0,0,0,0,0,10.1111/ddg.13956_g
0,0,0,0,0,0,1,0,0,0,10.1111/ejh.12976
0,0,0,0,0,0,0,0,1,0,10.1055/s-0043-121989
0,6,0,0,0,0,1,0,0,0,10.1002/glia.23234
0,0,0,0,0,0,0,0,0,0,10.1007/s11678-018-0479-8
0,0,0,0,0,0,0,0,0,0,10.3389/fphys.2020.616984
0,0,0,0,0,0,0,0,1,0,10.1007/s00213-017-4784-5
0,0,0,0,0,0,0,0,0,0,10.1183/13993003.01023-2019
0,0,0,0,0,0,0,0,0,0,10.1161/STROKEAHA.117.019322
0,0,0,0,0,0,0,0,0,7,10.1007/s12181-020-00419-8
0,0,0,0,0,0,0,0,0,0,10.1007/s11678-020-00585-x
0,0,0,0,0,0,0,0,0,0,10.1024/1016-264X/a000274
0,0,0,0,0,0,0,0,0,0,10.1002/adem.201900080
0,0,0,0,0,0,0,0,0,0,10.1007/s10309-017-0171-9
0,1,0,1,0,0,0,0,0,0,10.3389/fgene.2020.562434
0,0,0,0,0,0,0,0,0,1,10.1177/2048872617748553
0,0,0,0,0,0,0,0,0,4,10.5603/KP.2019.0049
1,0,0,0,0,0,0,0,0,0,10.1557/adv.2019.457
0,0,0,0,0,0,0,0,0,0,10.1002/ijc.31062
2,0,0,0,0,0,0,0,0,0,10.1007/s11605-017-3568-x
0,0,0,0,0,0,0,0,0,0,10.1093/ndt/gfx319
1,4,0,0,0,0,0,0,0,0,10.3389/fonc.2020.578380
0,0,0,0,0,0,0,1,0,0,10.1212/WNL.0000000000004861
0,0,0,0,0,0,0,0,1,0,10.1007/s00464-017-5978-y
0,0,0,0,0,0,0,0,0,0,10.1182/blood.2020008825
2,0,0,0,0,0,0,0,0,0,10.7196/AJHPE.2019.v11i1.1073
2,0,0,0,0,0,0,0,1,0,10.1159/000485077
0,3,0,0,0,0,0,0,0,0,10.3389/fphys.2018.01292
1,0,0,1,0,0,1,1,0,1,10.1038/s42256-019-0049-9
1,0,0,0,0,0,0,0,0,0,10.1016/S0140-6736(18)32279-7
0,0,0,0,0,0,0,0,0,0,10.1007/s11428-019-0456-x
0,0,0,0,0,0,0,0,1,1,10.1007/s11818-017-0109-5
0,0,0,0,0,0,0,0,1,0,10.1007/s10549-017-4581-1
1,0,0,0,0,0,0,0,0,0,10.1007/s00391-019-01589-1
0,0,0,0,0,0,0,0,0,0,10.1093/rheumatology/kex396
0,0,0,0,0,0,0,0,0,0,10.1055/a-0881-1124
0,0,0,0,0,0,0,0,0,0,10.1159/000502157
0,0,0,0,0,0,0,0,0,2,10.4455/eu.2019.003
0,0,0,0,0,0,0,0,0,0,10.1007/s00761-019-0601-6
0,0,0,0,0,1,0,0,0,0,10.1161/CIRCHEARTFAILURE.119.006191
0,0,0,0,0,0,0,0,0,0,10.1038/s43018-020-00115-2
0,3,0,0,0,0,0,0,0,0,10.1152/ajprenal.00252.2017
0,0,0,0,0,0,0,0,0,0,10.3389/fcvm.2020.608158
0,0,0,0,0,0,0,0,0,0,10.1016/j.jaci.2017.06.038
0,0,0,0,0,0,0,0,0,0,10.1007/s00112-020-00958-0
0,0,0,0,0,0,0,0,0,0,10.1111/bjd.15803
3,0,2,0,0,2,0,0,0,0,10.1038/s42003-019-0741-7
0,2,0,0,0,0,0,0,0,0,10.1016/j.jid.2017.09.019
0,0,0,0,0,0,0,0,0,1,10.1055/a-0807-7774
0,0,0,0,0,0,0,0,0,0,10.18632/oncotarget.26906
0,0,0,0,0,0,0,0,1,0,10.1007/s00038-017-1056-4
0,0,0,0,0,0,0,0,0,0,10.1007/s00113-020-00921-4
0,0,0,0,0,0,0,0,0,0,10.1055/a-0676-8477
0,0,0,0,0,0,0,0,0,0,10.1002/bewi.201801867
0,0,0,0,1,0,0,0,0,0,10.1093/braincomms/fcz026
1,0,0,0,0,0,0,0,0,0,10.1177/1074248418784290
0,0,0,0,0,0,0,0,0,0,10.1007/s42212-019-0188-2
0,0,0,0,0,0,0,0,0,0,10.1016/j.jccase.2019.11.005
0,0,0,0,0,0,0,0,0,0,10.1155/2019/8532356
0,0,0,0,0,0,0,0,0,0,10.1007/s00129-019-4447-1
